[{"Back to Contents":"Sourcekey","Data 1: U.S. Natural Gas Prices":N9190US3,"":N9100US3,"":N9102US3,"":N9103US3,"":N9130US3,"":N9132US3,"":N9133US3,"":N3050US3,"":N3010US3,"":NA1504_NUS_4,"":N3020US3,"":N3020US4,"":N3035US3,"":N3035US4,"":N3045US3,"":null},
{"Back to Contents":"Date","Data 1: U.S. Natural Gas Prices":U.S. Natural Gas Wellhead Price (Dollars per Thousand Cubic Feet),"":Price of U.S. Natural Gas Imports (Dollars per Thousand Cubic Feet),"":U.S. Natural Gas Pipeline Imports Price (Dollars per Thousand Cubic Feet),"":Price of U.S. Natural Gas LNG Imports (Dollars per Thousand Cubic Feet),"":Price of U.S. Natural Gas Exports (Dollars per Thousand Cubic Feet),"":Price of U.S. Natural Gas Pipeline Exports (Dollars per Thousand Cubic Feet),"":Price of Liquefied U.S. Natural Gas Exports (Dollars per Thousand Cubic Feet),"":U.S. Natural Gas Citygate Price (Dollars per Thousand Cubic Feet),"":U.S. Price of Natural Gas Delivered to Residential Consumers (Dollars per Thousand Cubic Feet),"":U.S. Natural Gas % of Total Residential - Sales (%),"":U.S. Price of Natural Gas Sold to Commercial Consumers (Dollars per Thousand Cubic Feet),"":Percent of Commercial Natural Gas Deliveries in U.S. Total Represented by the Price (%),"":United States Natural Gas Industrial Price (Dollars per Thousand Cubic Feet),"":Percent of Industrial Natural Gas Deliveries in U.S. Total Represented by the Price (%),"":U.S. Natural Gas Electric Power Price (Dollars per Thousand Cubic Feet),"":null},
{"Back to Contents":"Jan-1973","Data 1: U.S. Natural Gas Prices":null,"":null,"":null,"":null,"":null,"":null,"":null,"":null,"":null,"":null,"":null,"":null,"":null,"":null,"":null,"":null},
{"Back to Contents":"Feb-1973","Data 1: U.S. Natural Gas Prices":null,"":null,"":null,"":null,"":null,"":null,"":null,"":null,"":null,"":null,"":null,"":null,"":null,"":null,"":null,"":null},
{"Back to Contents":"Mar-1973","Data 1: U.S. Natural Gas Prices":null,"":null,"":null,"":null,"":null,"":null,"":null,"":null,"":null,"":null,"":null,"":null,"":null,"":null,"":null,"":null},
{"Back to Contents":"Apr-1973","Data 1: U.S. Natural Gas Prices":null,"":null,"":null,"":null,"":null,"":null,"":null,"":null,"":null,"":null,"":null,"":null,"":null,"":null,"":null,"":null},
{"Back to Contents":"May-1973","Data 1: U.S. Natural Gas Prices":null,"":null,"":null,"":null,"":null,"":null,"":null,"":null,"":null,"":null,"":null,"":null,"":null,"":null,"":null,"":null},
{"Back to Contents":"Jun-1973","Data 1: U.S. Natural Gas Prices":null,"":null,"":null,"":null,"":null,"":null,"":null,"":null,"":null,"":null,"":null,"":null,"":null,"":null,"":null,"":null},
{"Back to Contents":"Jul-1973","Data 1: U.S. Natural Gas Prices":null,"":null,"":null,"":null,"":null,"":null,"":null,"":null,"":null,"":null,"":null,"":null,"":null,"":null,"":null,"":null},
{"Back to Contents":"Aug-1973","Data 1: U.S. Natural Gas Prices":null,"":null,"":null,"":null,"":null,"":null,"":null,"":null,"":null,"":null,"":null,"":null,"":null,"":null,"":null,"":null},
{"Back to Contents":"Sep-1973","Data 1: U.S. Natural Gas Prices":null,"":null,"":null,"":null,"":null,"":null,"":null,"":null,"":null,"":null,"":null,"":null,"":null,"":null,"":null,"":null},
{"Back to Contents":"Oct-1973","Data 1: U.S. Natural Gas Prices":null,"":null,"":null,"":null,"":null,"":null,"":null,"":null,"":null,"":null,"":null,"":null,"":null,"":null,"":null,"":null},
{"Back to Contents":"Nov-1973","Data 1: U.S. Natural Gas Prices":null,"":null,"":null,"":null,"":null,"":null,"":null,"":null,"":null,"":null,"":null,"":null,"":null,"":null,"":null,"":null},
{"Back to Contents":"Dec-1973","Data 1: U.S. Natural Gas Prices":null,"":null,"":null,"":null,"":null,"":null,"":null,"":null,"":null,"":null,"":null,"":null,"":null,"":null,"":null,"":null},
{"Back to Contents":"Jan-1974","Data 1: U.S. Natural Gas Prices":null,"":null,"":null,"":null,"":null,"":null,"":null,"":null,"":null,"":null,"":null,"":null,"":null,"":null,"":null,"":null},
{"Back to Contents":"Feb-1974","Data 1: U.S. Natural Gas Prices":null,"":null,"":null,"":null,"":null,"":null,"":null,"":null,"":null,"":null,"":null,"":null,"":null,"":null,"":null,"":null},
{"Back to Contents":"Mar-1974","Data 1: U.S. Natural Gas Prices":null,"":null,"":null,"":null,"":null,"":null,"":null,"":null,"":null,"":null,"":null,"":null,"":null,"":null,"":null,"":null},
{"Back to Contents":"Apr-1974","Data 1: U.S. Natural Gas Prices":null,"":null,"":null,"":null,"":null,"":null,"":null,"":null,"":null,"":null,"":null,"":null,"":null,"":null,"":null,"":null},
{"Back to Contents":"May-1974","Data 1: U.S. Natural Gas Prices":null,"":null,"":null,"":null,"":null,"":null,"":null,"":null,"":null,"":null,"":null,"":null,"":null,"":null,"":null,"":null},
{"Back to Contents":"Jun-1974","Data 1: U.S. Natural Gas Prices":null,"":null,"":null,"":null,"":null,"":null,"":null,"":null,"":null,"":null,"":null,"":null,"":null,"":null,"":null,"":null},
{"Back to Contents":"Jul-1974","Data 1: U.S. Natural Gas Prices":null,"":null,"":null,"":null,"":null,"":null,"":null,"":null,"":null,"":null,"":null,"":null,"":null,"":null,"":null,"":null},
{"Back to Contents":"Aug-1974","Data 1: U.S. Natural Gas Prices":null,"":null,"":null,"":null,"":null,"":null,"":null,"":null,"":null,"":null,"":null,"":null,"":null,"":null,"":null,"":null},
{"Back to Contents":"Sep-1974","Data 1: U.S. Natural Gas Prices":null,"":null,"":null,"":null,"":null,"":null,"":null,"":null,"":null,"":null,"":null,"":null,"":null,"":null,"":null,"":null},
{"Back to Contents":"Oct-1974","Data 1: U.S. Natural Gas Prices":null,"":null,"":null,"":null,"":null,"":null,"":null,"":null,"":null,"":null,"":null,"":null,"":null,"":null,"":null,"":null},
{"Back to Contents":"Nov-1974","Data 1: U.S. Natural Gas Prices":null,"":null,"":null,"":null,"":null,"":null,"":null,"":null,"":null,"":null,"":null,"":null,"":null,"":null,"":null,"":null},
{"Back to Contents":"Dec-1974","Data 1: U.S. Natural Gas Prices":null,"":null,"":null,"":null,"":null,"":null,"":null,"":null,"":null,"":null,"":null,"":null,"":null,"":null,"":null,"":null},
{"Back to Contents":"Jan-1975","Data 1: U.S. Natural Gas Prices":null,"":null,"":null,"":null,"":null,"":null,"":null,"":null,"":null,"":null,"":null,"":null,"":null,"":null,"":null,"":null},
{"Back to Contents":"Feb-1975","Data 1: U.S. Natural Gas Prices":null,"":null,"":null,"":null,"":null,"":null,"":null,"":null,"":null,"":null,"":null,"":null,"":null,"":null,"":null,"":null},
{"Back to Contents":"Mar-1975","Data 1: U.S. Natural Gas Prices":null,"":null,"":null,"":null,"":null,"":null,"":null,"":null,"":null,"":null,"":null,"":null,"":null,"":null,"":null,"":null},
{"Back to Contents":"Apr-1975","Data 1: U.S. Natural Gas Prices":null,"":null,"":null,"":null,"":null,"":null,"":null,"":null,"":null,"":null,"":null,"":null,"":null,"":null,"":null,"":null},
{"Back to Contents":"May-1975","Data 1: U.S. Natural Gas Prices":null,"":null,"":null,"":null,"":null,"":null,"":null,"":null,"":null,"":null,"":null,"":null,"":null,"":null,"":null,"":null},
{"Back to Contents":"Jun-1975","Data 1: U.S. Natural Gas Prices":null,"":null,"":null,"":null,"":null,"":null,"":null,"":null,"":null,"":null,"":null,"":null,"":null,"":null,"":null,"":null},
{"Back to Contents":"Jul-1975","Data 1: U.S. Natural Gas Prices":null,"":null,"":null,"":null,"":null,"":null,"":null,"":null,"":null,"":null,"":null,"":null,"":null,"":null,"":null,"":null},
{"Back to Contents":"Aug-1975","Data 1: U.S. Natural Gas Prices":null,"":null,"":null,"":null,"":null,"":null,"":null,"":null,"":null,"":null,"":null,"":null,"":null,"":null,"":null,"":null},
{"Back to Contents":"Sep-1975","Data 1: U.S. Natural Gas Prices":null,"":null,"":null,"":null,"":null,"":null,"":null,"":null,"":null,"":null,"":null,"":null,"":null,"":null,"":null,"":null},
{"Back to Contents":"Oct-1975","Data 1: U.S. Natural Gas Prices":null,"":null,"":null,"":null,"":null,"":null,"":null,"":null,"":null,"":null,"":null,"":null,"":null,"":null,"":null,"":null},
{"Back to Contents":"Nov-1975","Data 1: U.S. Natural Gas Prices":null,"":null,"":null,"":null,"":null,"":null,"":null,"":null,"":null,"":null,"":null,"":null,"":null,"":null,"":null,"":null},
{"Back to Contents":"Dec-1975","Data 1: U.S. Natural Gas Prices":null,"":null,"":null,"":null,"":null,"":null,"":null,"":null,"":null,"":null,"":null,"":null,"":null,"":null,"":null,"":null},
{"Back to Contents":"Jan-1976","Data 1: U.S. Natural Gas Prices":0.54,"":null,"":null,"":null,"":null,"":null,"":null,"":null,"":null,"":null,"":null,"":null,"":null,"":null,"":null,"":null},
{"Back to Contents":"Feb-1976","Data 1: U.S. Natural Gas Prices":0.54,"":null,"":null,"":null,"":null,"":null,"":null,"":null,"":null,"":null,"":null,"":null,"":null,"":null,"":null,"":null},
{"Back to Contents":"Mar-1976","Data 1: U.S. Natural Gas Prices":0.54,"":null,"":null,"":null,"":null,"":null,"":null,"":null,"":null,"":null,"":null,"":null,"":null,"":null,"":null,"":null},
{"Back to Contents":"Apr-1976","Data 1: U.S. Natural Gas Prices":0.55,"":null,"":null,"":null,"":null,"":null,"":null,"":null,"":null,"":null,"":null,"":null,"":null,"":null,"":null,"":null},
{"Back to Contents":"May-1976","Data 1: U.S. Natural Gas Prices":0.55,"":null,"":null,"":null,"":null,"":null,"":null,"":null,"":null,"":null,"":null,"":null,"":null,"":null,"":null,"":null},
{"Back to Contents":"Jun-1976","Data 1: U.S. Natural Gas Prices":0.58,"":null,"":null,"":null,"":null,"":null,"":null,"":null,"":null,"":null,"":null,"":null,"":null,"":null,"":null,"":null},
{"Back to Contents":"Jul-1976","Data 1: U.S. Natural Gas Prices":0.58,"":null,"":null,"":null,"":null,"":null,"":null,"":null,"":null,"":null,"":null,"":null,"":null,"":null,"":null,"":null},
{"Back to Contents":"Aug-1976","Data 1: U.S. Natural Gas Prices":0.6,"":null,"":null,"":null,"":null,"":null,"":null,"":null,"":null,"":null,"":null,"":null,"":null,"":null,"":null,"":null},
{"Back to Contents":"Sep-1976","Data 1: U.S. Natural Gas Prices":0.6,"":null,"":null,"":null,"":null,"":null,"":null,"":null,"":null,"":null,"":null,"":null,"":null,"":null,"":null,"":null},
{"Back to Contents":"Oct-1976","Data 1: U.S. Natural Gas Prices":0.62,"":null,"":null,"":null,"":null,"":null,"":null,"":null,"":null,"":null,"":null,"":null,"":null,"":null,"":null,"":null},
{"Back to Contents":"Nov-1976","Data 1: U.S. Natural Gas Prices":0.63,"":null,"":null,"":null,"":null,"":null,"":null,"":null,"":null,"":null,"":null,"":null,"":null,"":null,"":null,"":null},
{"Back to Contents":"Dec-1976","Data 1: U.S. Natural Gas Prices":0.64,"":null,"":null,"":null,"":null,"":null,"":null,"":null,"":null,"":null,"":null,"":null,"":null,"":null,"":null,"":null},
{"Back to Contents":"Jan-1977","Data 1: U.S. Natural Gas Prices":0.67,"":null,"":null,"":null,"":null,"":null,"":null,"":null,"":null,"":null,"":null,"":null,"":null,"":null,"":null,"":null},
{"Back to Contents":"Feb-1977","Data 1: U.S. Natural Gas Prices":0.71,"":null,"":null,"":null,"":null,"":null,"":null,"":null,"":null,"":null,"":null,"":null,"":null,"":null,"":null,"":null},
{"Back to Contents":"Mar-1977","Data 1: U.S. Natural Gas Prices":0.75,"":null,"":null,"":null,"":null,"":null,"":null,"":null,"":null,"":null,"":null,"":null,"":null,"":null,"":null,"":null},
{"Back to Contents":"Apr-1977","Data 1: U.S. Natural Gas Prices":0.77,"":null,"":null,"":null,"":null,"":null,"":null,"":null,"":null,"":null,"":null,"":null,"":null,"":null,"":null,"":null},
{"Back to Contents":"May-1977","Data 1: U.S. Natural Gas Prices":0.77,"":null,"":null,"":null,"":null,"":null,"":null,"":null,"":null,"":null,"":null,"":null,"":null,"":null,"":null,"":null},
{"Back to Contents":"Jun-1977","Data 1: U.S. Natural Gas Prices":0.82,"":null,"":null,"":null,"":null,"":null,"":null,"":null,"":null,"":null,"":null,"":null,"":null,"":null,"":null,"":null},
{"Back to Contents":"Jul-1977","Data 1: U.S. Natural Gas Prices":0.83,"":null,"":null,"":null,"":null,"":null,"":null,"":null,"":null,"":null,"":null,"":null,"":null,"":null,"":null,"":null},
{"Back to Contents":"Aug-1977","Data 1: U.S. Natural Gas Prices":0.82,"":null,"":null,"":null,"":null,"":null,"":null,"":null,"":null,"":null,"":null,"":null,"":null,"":null,"":null,"":null},
{"Back to Contents":"Sep-1977","Data 1: U.S. Natural Gas Prices":0.83,"":null,"":null,"":null,"":null,"":null,"":null,"":null,"":null,"":null,"":null,"":null,"":null,"":null,"":null,"":null},
{"Back to Contents":"Oct-1977","Data 1: U.S. Natural Gas Prices":0.84,"":null,"":null,"":null,"":null,"":null,"":null,"":null,"":null,"":null,"":null,"":null,"":null,"":null,"":null,"":null},
{"Back to Contents":"Nov-1977","Data 1: U.S. Natural Gas Prices":0.83,"":null,"":null,"":null,"":null,"":null,"":null,"":null,"":null,"":null,"":null,"":null,"":null,"":null,"":null,"":null},
{"Back to Contents":"Dec-1977","Data 1: U.S. Natural Gas Prices":0.84,"":null,"":null,"":null,"":null,"":null,"":null,"":null,"":null,"":null,"":null,"":null,"":null,"":null,"":null,"":null},
{"Back to Contents":"Jan-1978","Data 1: U.S. Natural Gas Prices":0.87,"":null,"":null,"":null,"":null,"":null,"":null,"":null,"":null,"":null,"":null,"":null,"":null,"":null,"":null,"":null},
{"Back to Contents":"Feb-1978","Data 1: U.S. Natural Gas Prices":0.88,"":null,"":null,"":null,"":null,"":null,"":null,"":null,"":null,"":null,"":null,"":null,"":null,"":null,"":null,"":null},
{"Back to Contents":"Mar-1978","Data 1: U.S. Natural Gas Prices":0.89,"":null,"":null,"":null,"":null,"":null,"":null,"":null,"":null,"":null,"":null,"":null,"":null,"":null,"":null,"":null},
{"Back to Contents":"Apr-1978","Data 1: U.S. Natural Gas Prices":0.88,"":null,"":null,"":null,"":null,"":null,"":null,"":null,"":null,"":null,"":null,"":null,"":null,"":null,"":null,"":null},
{"Back to Contents":"May-1978","Data 1: U.S. Natural Gas Prices":0.91,"":null,"":null,"":null,"":null,"":null,"":null,"":null,"":null,"":null,"":null,"":null,"":null,"":null,"":null,"":null},
{"Back to Contents":"Jun-1978","Data 1: U.S. Natural Gas Prices":0.91,"":null,"":null,"":null,"":null,"":null,"":null,"":null,"":null,"":null,"":null,"":null,"":null,"":null,"":null,"":null},
{"Back to Contents":"Jul-1978","Data 1: U.S. Natural Gas Prices":0.89,"":null,"":null,"":null,"":null,"":null,"":null,"":null,"":null,"":null,"":null,"":null,"":null,"":null,"":null,"":null},
{"Back to Contents":"Aug-1978","Data 1: U.S. Natural Gas Prices":0.91,"":null,"":null,"":null,"":null,"":null,"":null,"":null,"":null,"":null,"":null,"":null,"":null,"":null,"":null,"":null},
{"Back to Contents":"Sep-1978","Data 1: U.S. Natural Gas Prices":0.92,"":null,"":null,"":null,"":null,"":null,"":null,"":null,"":null,"":null,"":null,"":null,"":null,"":null,"":null,"":null},
{"Back to Contents":"Oct-1978","Data 1: U.S. Natural Gas Prices":0.92,"":null,"":null,"":null,"":null,"":null,"":null,"":null,"":null,"":null,"":null,"":null,"":null,"":null,"":null,"":null},
{"Back to Contents":"Nov-1978","Data 1: U.S. Natural Gas Prices":0.93,"":null,"":null,"":null,"":null,"":null,"":null,"":null,"":null,"":null,"":null,"":null,"":null,"":null,"":null,"":null},
{"Back to Contents":"Dec-1978","Data 1: U.S. Natural Gas Prices":0.96,"":null,"":null,"":null,"":null,"":null,"":null,"":null,"":null,"":null,"":null,"":null,"":null,"":null,"":null,"":null},
{"Back to Contents":"Jan-1979","Data 1: U.S. Natural Gas Prices":1.02,"":null,"":null,"":null,"":null,"":null,"":null,"":null,"":null,"":null,"":null,"":null,"":null,"":null,"":null,"":null},
{"Back to Contents":"Feb-1979","Data 1: U.S. Natural Gas Prices":1.05,"":null,"":null,"":null,"":null,"":null,"":null,"":null,"":null,"":null,"":null,"":null,"":null,"":null,"":null,"":null},
{"Back to Contents":"Mar-1979","Data 1: U.S. Natural Gas Prices":1.1,"":null,"":null,"":null,"":null,"":null,"":null,"":null,"":null,"":null,"":null,"":null,"":null,"":null,"":null,"":null},
{"Back to Contents":"Apr-1979","Data 1: U.S. Natural Gas Prices":1.11,"":null,"":null,"":null,"":null,"":null,"":null,"":null,"":null,"":null,"":null,"":null,"":null,"":null,"":null,"":null},
{"Back to Contents":"May-1979","Data 1: U.S. Natural Gas Prices":1.15,"":null,"":null,"":null,"":null,"":null,"":null,"":null,"":null,"":null,"":null,"":null,"":null,"":null,"":null,"":null},
{"Back to Contents":"Jun-1979","Data 1: U.S. Natural Gas Prices":1.17,"":null,"":null,"":null,"":null,"":null,"":null,"":null,"":null,"":null,"":null,"":null,"":null,"":null,"":null,"":null},
{"Back to Contents":"Jul-1979","Data 1: U.S. Natural Gas Prices":1.2,"":null,"":null,"":null,"":null,"":null,"":null,"":null,"":null,"":null,"":null,"":null,"":null,"":null,"":null,"":null},
{"Back to Contents":"Aug-1979","Data 1: U.S. Natural Gas Prices":1.24,"":null,"":null,"":null,"":null,"":null,"":null,"":null,"":null,"":null,"":null,"":null,"":null,"":null,"":null,"":null},
{"Back to Contents":"Sep-1979","Data 1: U.S. Natural Gas Prices":1.24,"":null,"":null,"":null,"":null,"":null,"":null,"":null,"":null,"":null,"":null,"":null,"":null,"":null,"":null,"":null},
{"Back to Contents":"Oct-1979","Data 1: U.S. Natural Gas Prices":1.28,"":null,"":null,"":null,"":null,"":null,"":null,"":null,"":null,"":null,"":null,"":null,"":null,"":null,"":null,"":null},
{"Back to Contents":"Nov-1979","Data 1: U.S. Natural Gas Prices":1.29,"":null,"":null,"":null,"":null,"":null,"":null,"":null,"":null,"":null,"":null,"":null,"":null,"":null,"":null,"":null},
{"Back to Contents":"Dec-1979","Data 1: U.S. Natural Gas Prices":1.31,"":null,"":null,"":null,"":null,"":null,"":null,"":null,"":null,"":null,"":null,"":null,"":null,"":null,"":null,"":null},
{"Back to Contents":"Jan-1980","Data 1: U.S. Natural Gas Prices":1.37,"":null,"":null,"":null,"":null,"":null,"":null,"":null,"":null,"":null,"":null,"":null,"":null,"":null,"":null,"":null},
{"Back to Contents":"Feb-1980","Data 1: U.S. Natural Gas Prices":1.42,"":null,"":null,"":null,"":null,"":null,"":null,"":null,"":null,"":null,"":null,"":null,"":null,"":null,"":null,"":null},
{"Back to Contents":"Mar-1980","Data 1: U.S. Natural Gas Prices":1.46,"":null,"":null,"":null,"":null,"":null,"":null,"":null,"":null,"":null,"":null,"":null,"":null,"":null,"":null,"":null},
{"Back to Contents":"Apr-1980","Data 1: U.S. Natural Gas Prices":1.51,"":null,"":null,"":null,"":null,"":null,"":null,"":null,"":null,"":null,"":null,"":null,"":null,"":null,"":null,"":null},
{"Back to Contents":"May-1980","Data 1: U.S. Natural Gas Prices":1.56,"":null,"":null,"":null,"":null,"":null,"":null,"":null,"":null,"":null,"":null,"":null,"":null,"":null,"":null,"":null},
{"Back to Contents":"Jun-1980","Data 1: U.S. Natural Gas Prices":1.57,"":null,"":null,"":null,"":null,"":null,"":null,"":null,"":null,"":null,"":null,"":null,"":null,"":null,"":null,"":null},
{"Back to Contents":"Jul-1980","Data 1: U.S. Natural Gas Prices":1.64,"":null,"":null,"":null,"":null,"":null,"":null,"":null,"":null,"":null,"":null,"":null,"":null,"":null,"":null,"":null},
{"Back to Contents":"Aug-1980","Data 1: U.S. Natural Gas Prices":1.64,"":null,"":null,"":null,"":null,"":null,"":null,"":null,"":null,"":null,"":null,"":null,"":null,"":null,"":null,"":null},
{"Back to Contents":"Sep-1980","Data 1: U.S. Natural Gas Prices":1.69,"":null,"":null,"":null,"":null,"":null,"":null,"":null,"":null,"":null,"":null,"":null,"":null,"":null,"":null,"":null},
{"Back to Contents":"Oct-1980","Data 1: U.S. Natural Gas Prices":1.71,"":null,"":null,"":null,"":null,"":null,"":null,"":null,"":null,"":null,"":null,"":null,"":null,"":null,"":null,"":null},
{"Back to Contents":"Nov-1980","Data 1: U.S. Natural Gas Prices":1.76,"":null,"":null,"":null,"":null,"":null,"":null,"":null,"":null,"":null,"":null,"":null,"":null,"":null,"":null,"":null},
{"Back to Contents":"Dec-1980","Data 1: U.S. Natural Gas Prices":1.74,"":null,"":null,"":null,"":null,"":null,"":null,"":null,"":null,"":null,"":null,"":null,"":null,"":null,"":null,"":null},
{"Back to Contents":"Jan-1981","Data 1: U.S. Natural Gas Prices":1.77,"":null,"":null,"":null,"":null,"":null,"":null,"":null,"":3.94,"":null,"":null,"":null,"":null,"":null,"":null,"":null},
{"Back to Contents":"Feb-1981","Data 1: U.S. Natural Gas Prices":1.81,"":null,"":null,"":null,"":null,"":null,"":null,"":null,"":3.99,"":null,"":null,"":null,"":null,"":null,"":null,"":null},
{"Back to Contents":"Mar-1981","Data 1: U.S. Natural Gas Prices":1.86,"":null,"":null,"":null,"":null,"":null,"":null,"":null,"":4.06,"":null,"":null,"":null,"":null,"":null,"":null,"":null},
{"Back to Contents":"Apr-1981","Data 1: U.S. Natural Gas Prices":1.93,"":null,"":null,"":null,"":null,"":null,"":null,"":null,"":4.11,"":null,"":null,"":null,"":null,"":null,"":null,"":null},
{"Back to Contents":"May-1981","Data 1: U.S. Natural Gas Prices":1.95,"":null,"":null,"":null,"":null,"":null,"":null,"":null,"":4.29,"":null,"":null,"":null,"":null,"":null,"":null,"":null},
{"Back to Contents":"Jun-1981","Data 1: U.S. Natural Gas Prices":1.95,"":null,"":null,"":null,"":null,"":null,"":null,"":null,"":4.3,"":null,"":null,"":null,"":null,"":null,"":null,"":null},
{"Back to Contents":"Jul-1981","Data 1: U.S. Natural Gas Prices":2.01,"":null,"":null,"":null,"":null,"":null,"":null,"":null,"":4.32,"":null,"":null,"":null,"":null,"":null,"":null,"":null},
{"Back to Contents":"Aug-1981","Data 1: U.S. Natural Gas Prices":2.02,"":null,"":null,"":null,"":null,"":null,"":null,"":null,"":4.3,"":null,"":null,"":null,"":null,"":null,"":null,"":null},
{"Back to Contents":"Sep-1981","Data 1: U.S. Natural Gas Prices":2.08,"":null,"":null,"":null,"":null,"":null,"":null,"":null,"":4.47,"":null,"":null,"":null,"":null,"":null,"":null,"":null},
{"Back to Contents":"Oct-1981","Data 1: U.S. Natural Gas Prices":2.11,"":null,"":null,"":null,"":null,"":null,"":null,"":null,"":4.5,"":null,"":null,"":null,"":null,"":null,"":null,"":null},
{"Back to Contents":"Nov-1981","Data 1: U.S. Natural Gas Prices":2.15,"":null,"":null,"":null,"":null,"":null,"":null,"":null,"":4.53,"":null,"":null,"":null,"":null,"":null,"":null,"":null},
{"Back to Contents":"Dec-1981","Data 1: U.S. Natural Gas Prices":2.16,"":null,"":null,"":null,"":null,"":null,"":null,"":null,"":4.55,"":null,"":null,"":null,"":null,"":null,"":null,"":null},
{"Back to Contents":"Jan-1982","Data 1: U.S. Natural Gas Prices":2.23,"":null,"":null,"":null,"":null,"":null,"":null,"":null,"":4.65,"":null,"":null,"":null,"":null,"":null,"":null,"":null},
{"Back to Contents":"Feb-1982","Data 1: U.S. Natural Gas Prices":2.3,"":null,"":null,"":null,"":null,"":null,"":null,"":null,"":4.69,"":null,"":null,"":null,"":null,"":null,"":null,"":null},
{"Back to Contents":"Mar-1982","Data 1: U.S. Natural Gas Prices":2.35,"":null,"":null,"":null,"":null,"":null,"":null,"":null,"":4.78,"":null,"":null,"":null,"":null,"":null,"":null,"":null},
{"Back to Contents":"Apr-1982","Data 1: U.S. Natural Gas Prices":2.4,"":null,"":null,"":null,"":null,"":null,"":null,"":null,"":4.86,"":null,"":null,"":null,"":null,"":null,"":null,"":null},
{"Back to Contents":"May-1982","Data 1: U.S. Natural Gas Prices":2.45,"":null,"":null,"":null,"":null,"":null,"":null,"":null,"":5.17,"":null,"":null,"":null,"":null,"":null,"":null,"":null},
{"Back to Contents":"Jun-1982","Data 1: U.S. Natural Gas Prices":2.45,"":null,"":null,"":null,"":null,"":null,"":null,"":null,"":5.2,"":null,"":null,"":null,"":null,"":null,"":null,"":null},
{"Back to Contents":"Jul-1982","Data 1: U.S. Natural Gas Prices":2.47,"":null,"":null,"":null,"":null,"":null,"":null,"":null,"":5.23,"":null,"":null,"":null,"":null,"":null,"":null,"":null},
{"Back to Contents":"Aug-1982","Data 1: U.S. Natural Gas Prices":2.53,"":null,"":null,"":null,"":null,"":null,"":null,"":null,"":5.23,"":null,"":null,"":null,"":null,"":null,"":null,"":null},
{"Back to Contents":"Sep-1982","Data 1: U.S. Natural Gas Prices":2.56,"":null,"":null,"":null,"":null,"":null,"":null,"":null,"":5.41,"":null,"":null,"":null,"":null,"":null,"":null,"":null},
{"Back to Contents":"Oct-1982","Data 1: U.S. Natural Gas Prices":2.6,"":null,"":null,"":null,"":null,"":null,"":null,"":null,"":5.66,"":null,"":null,"":null,"":null,"":null,"":null,"":null},
{"Back to Contents":"Nov-1982","Data 1: U.S. Natural Gas Prices":2.62,"":null,"":null,"":null,"":null,"":null,"":null,"":null,"":5.68,"":null,"":null,"":null,"":null,"":null,"":null,"":null},
{"Back to Contents":"Dec-1982","Data 1: U.S. Natural Gas Prices":2.62,"":null,"":null,"":null,"":null,"":null,"":null,"":null,"":5.74,"":null,"":null,"":null,"":null,"":null,"":null,"":null},
{"Back to Contents":"Jan-1983","Data 1: U.S. Natural Gas Prices":2.66,"":null,"":null,"":null,"":null,"":null,"":null,"":null,"":5.86,"":null,"":null,"":null,"":null,"":null,"":null,"":null},
{"Back to Contents":"Feb-1983","Data 1: U.S. Natural Gas Prices":2.66,"":null,"":null,"":null,"":null,"":null,"":null,"":null,"":5.87,"":null,"":null,"":null,"":null,"":null,"":null,"":null},
{"Back to Contents":"Mar-1983","Data 1: U.S. Natural Gas Prices":2.58,"":null,"":null,"":null,"":null,"":null,"":null,"":null,"":6,"":null,"":null,"":null,"":null,"":null,"":null,"":null},
{"Back to Contents":"Apr-1983","Data 1: U.S. Natural Gas Prices":2.53,"":null,"":null,"":null,"":null,"":null,"":null,"":null,"":6.06,"":null,"":null,"":null,"":null,"":null,"":null,"":null},
{"Back to Contents":"May-1983","Data 1: U.S. Natural Gas Prices":2.53,"":null,"":null,"":null,"":null,"":null,"":null,"":null,"":6.22,"":null,"":null,"":null,"":null,"":null,"":null,"":null},
{"Back to Contents":"Jun-1983","Data 1: U.S. Natural Gas Prices":2.59,"":null,"":null,"":null,"":null,"":null,"":null,"":null,"":6.2,"":null,"":null,"":null,"":null,"":null,"":null,"":null},
{"Back to Contents":"Jul-1983","Data 1: U.S. Natural Gas Prices":2.52,"":null,"":null,"":null,"":null,"":null,"":null,"":null,"":6.21,"":null,"":null,"":null,"":null,"":null,"":null,"":null},
{"Back to Contents":"Aug-1983","Data 1: U.S. Natural Gas Prices":2.58,"":null,"":null,"":null,"":null,"":null,"":null,"":null,"":6.18,"":null,"":null,"":null,"":null,"":null,"":null,"":null},
{"Back to Contents":"Sep-1983","Data 1: U.S. Natural Gas Prices":2.67,"":null,"":null,"":null,"":null,"":null,"":null,"":null,"":6.19,"":null,"":null,"":null,"":null,"":null,"":null,"":null},
{"Back to Contents":"Oct-1983","Data 1: U.S. Natural Gas Prices":2.58,"":null,"":null,"":null,"":null,"":null,"":null,"":3.97,"":6.7,"":null,"":5.62,"":null,"":null,"":null,"":null,"":null},
{"Back to Contents":"Nov-1983","Data 1: U.S. Natural Gas Prices":2.6,"":null,"":null,"":null,"":null,"":null,"":null,"":3.91,"":6.3,"":null,"":5.67,"":null,"":null,"":null,"":null,"":null},
{"Back to Contents":"Dec-1983","Data 1: U.S. Natural Gas Prices":2.61,"":null,"":null,"":null,"":null,"":null,"":null,"":3.88,"":5.94,"":null,"":5.62,"":null,"":null,"":null,"":null,"":null},
{"Back to Contents":"Jan-1984","Data 1: U.S. Natural Gas Prices":2.67,"":null,"":null,"":null,"":null,"":null,"":null,"":3.94,"":5.78,"":null,"":5.49,"":null,"":null,"":null,"":null,"":null},
{"Back to Contents":"Feb-1984","Data 1: U.S. Natural Gas Prices":2.71,"":null,"":null,"":null,"":null,"":null,"":null,"":4.02,"":5.84,"":null,"":5.54,"":null,"":null,"":null,"":null,"":null},
{"Back to Contents":"Mar-1984","Data 1: U.S. Natural Gas Prices":2.67,"":null,"":null,"":null,"":null,"":null,"":null,"":3.91,"":5.92,"":null,"":5.57,"":null,"":null,"":null,"":null,"":null},
{"Back to Contents":"Apr-1984","Data 1: U.S. Natural Gas Prices":2.64,"":null,"":null,"":null,"":null,"":null,"":null,"":3.96,"":5.96,"":null,"":5.52,"":null,"":null,"":null,"":null,"":null},
{"Back to Contents":"May-1984","Data 1: U.S. Natural Gas Prices":2.67,"":null,"":null,"":null,"":null,"":null,"":null,"":3.98,"":6.27,"":null,"":5.6,"":null,"":null,"":null,"":null,"":null},
{"Back to Contents":"Jun-1984","Data 1: U.S. Natural Gas Prices":2.7,"":null,"":null,"":null,"":null,"":null,"":null,"":4.02,"":6.76,"":null,"":5.67,"":null,"":null,"":null,"":null,"":null},
{"Back to Contents":"Jul-1984","Data 1: U.S. Natural Gas Prices":2.68,"":null,"":null,"":null,"":null,"":null,"":null,"":4.06,"":7.11,"":null,"":5.6,"":null,"":null,"":null,"":null,"":null},
{"Back to Contents":"Aug-1984","Data 1: U.S. Natural Gas Prices":2.69,"":null,"":null,"":null,"":null,"":null,"":null,"":3.69,"":7.23,"":null,"":5.47,"":null,"":null,"":null,"":null,"":null},
{"Back to Contents":"Sep-1984","Data 1: U.S. Natural Gas Prices":2.62,"":null,"":null,"":null,"":null,"":null,"":null,"":4.02,"":7.17,"":null,"":5.53,"":null,"":null,"":null,"":null,"":null},
{"Back to Contents":"Oct-1984","Data 1: U.S. Natural Gas Prices":2.63,"":null,"":null,"":null,"":null,"":null,"":null,"":3.99,"":6.8,"":null,"":5.54,"":null,"":null,"":null,"":null,"":null},
{"Back to Contents":"Nov-1984","Data 1: U.S. Natural Gas Prices":2.61,"":null,"":null,"":null,"":null,"":null,"":null,"":3.92,"":6.31,"":null,"":5.56,"":null,"":null,"":null,"":null,"":null},
{"Back to Contents":"Dec-1984","Data 1: U.S. Natural Gas Prices":2.57,"":null,"":null,"":null,"":null,"":null,"":null,"":3.97,"":6.05,"":null,"":5.6,"":null,"":null,"":null,"":null,"":null},
{"Back to Contents":"Jan-1985","Data 1: U.S. Natural Gas Prices":2.64,"":null,"":null,"":null,"":null,"":null,"":null,"":3.89,"":5.97,"":null,"":5.62,"":null,"":null,"":null,"":null,"":null},
{"Back to Contents":"Feb-1985","Data 1: U.S. Natural Gas Prices":2.71,"":null,"":null,"":null,"":null,"":null,"":null,"":3.94,"":5.86,"":null,"":5.53,"":null,"":null,"":null,"":null,"":null},
{"Back to Contents":"Mar-1985","Data 1: U.S. Natural Gas Prices":2.62,"":null,"":null,"":null,"":null,"":null,"":null,"":3.97,"":5.99,"":null,"":5.59,"":null,"":null,"":null,"":null,"":null},
{"Back to Contents":"Apr-1985","Data 1: U.S. Natural Gas Prices":2.64,"":null,"":null,"":null,"":null,"":null,"":null,"":3.91,"":6.11,"":null,"":5.65,"":null,"":null,"":null,"":null,"":null},
{"Back to Contents":"May-1985","Data 1: U.S. Natural Gas Prices":2.53,"":null,"":null,"":null,"":null,"":null,"":null,"":3.89,"":6.59,"":null,"":5.59,"":null,"":null,"":null,"":null,"":null},
{"Back to Contents":"Jun-1985","Data 1: U.S. Natural Gas Prices":2.58,"":null,"":null,"":null,"":null,"":null,"":null,"":3.86,"":6.96,"":null,"":5.65,"":null,"":null,"":null,"":null,"":null},
{"Back to Contents":"Jul-1985","Data 1: U.S. Natural Gas Prices":2.51,"":null,"":null,"":null,"":null,"":null,"":null,"":3.69,"":7.07,"":null,"":5.44,"":null,"":null,"":null,"":null,"":null},
{"Back to Contents":"Aug-1985","Data 1: U.S. Natural Gas Prices":2.47,"":null,"":null,"":null,"":null,"":null,"":null,"":3.7,"":7.21,"":null,"":5.42,"":null,"":null,"":null,"":null,"":null},
{"Back to Contents":"Sep-1985","Data 1: U.S. Natural Gas Prices":2.42,"":null,"":null,"":null,"":null,"":null,"":null,"":3.68,"":7.06,"":null,"":5.37,"":null,"":null,"":null,"":null,"":null},
{"Back to Contents":"Oct-1985","Data 1: U.S. Natural Gas Prices":2.37,"":null,"":null,"":null,"":null,"":null,"":null,"":3.59,"":6.5,"":null,"":5.3,"":null,"":null,"":null,"":null,"":null},
{"Back to Contents":"Nov-1985","Data 1: U.S. Natural Gas Prices":2.36,"":null,"":null,"":null,"":null,"":null,"":null,"":3.46,"":6.13,"":null,"":5.39,"":null,"":null,"":null,"":null,"":null},
{"Back to Contents":"Dec-1985","Data 1: U.S. Natural Gas Prices":2.28,"":null,"":null,"":null,"":null,"":null,"":null,"":3.45,"":5.7,"":null,"":5.25,"":null,"":null,"":null,"":null,"":null},
{"Back to Contents":"Jan-1986","Data 1: U.S. Natural Gas Prices":2.28,"":null,"":null,"":null,"":null,"":null,"":null,"":3.52,"":5.63,"":null,"":5.25,"":null,"":null,"":null,"":null,"":null},
{"Back to Contents":"Feb-1986","Data 1: U.S. Natural Gas Prices":2.26,"":null,"":null,"":null,"":null,"":null,"":null,"":3.52,"":5.67,"":null,"":5.28,"":null,"":null,"":null,"":null,"":null},
{"Back to Contents":"Mar-1986","Data 1: U.S. Natural Gas Prices":2.16,"":null,"":null,"":null,"":null,"":null,"":null,"":3.5,"":5.71,"":null,"":5.25,"":null,"":null,"":null,"":null,"":null},
{"Back to Contents":"Apr-1986","Data 1: U.S. Natural Gas Prices":2.1,"":null,"":null,"":null,"":null,"":null,"":null,"":3.33,"":5.89,"":null,"":5.23,"":null,"":null,"":null,"":null,"":null},
{"Back to Contents":"May-1986","Data 1: U.S. Natural Gas Prices":1.96,"":null,"":null,"":null,"":null,"":null,"":null,"":3.15,"":6.18,"":null,"":5.19,"":null,"":null,"":null,"":null,"":null},
{"Back to Contents":"Jun-1986","Data 1: U.S. Natural Gas Prices":1.85,"":null,"":null,"":null,"":null,"":null,"":null,"":3.11,"":6.67,"":null,"":5.09,"":null,"":null,"":null,"":null,"":null},
{"Back to Contents":"Jul-1986","Data 1: U.S. Natural Gas Prices":1.8,"":null,"":null,"":null,"":null,"":null,"":null,"":3.08,"":6.84,"":null,"":5.02,"":null,"":null,"":null,"":null,"":null},
{"Back to Contents":"Aug-1986","Data 1: U.S. Natural Gas Prices":1.77,"":null,"":null,"":null,"":null,"":null,"":null,"":3.04,"":6.94,"":null,"":4.9,"":null,"":null,"":null,"":null,"":null},
{"Back to Contents":"Sep-1986","Data 1: U.S. Natural Gas Prices":1.78,"":null,"":null,"":null,"":null,"":null,"":null,"":3.02,"":6.83,"":null,"":4.93,"":null,"":null,"":null,"":null,"":null},
{"Back to Contents":"Oct-1986","Data 1: U.S. Natural Gas Prices":1.73,"":null,"":null,"":null,"":null,"":null,"":null,"":2.94,"":6.38,"":null,"":4.88,"":null,"":null,"":null,"":null,"":null},
{"Back to Contents":"Nov-1986","Data 1: U.S. Natural Gas Prices":1.77,"":null,"":null,"":null,"":null,"":null,"":null,"":2.9,"":5.66,"":null,"":4.74,"":null,"":null,"":null,"":null,"":null},
{"Back to Contents":"Dec-1986","Data 1: U.S. Natural Gas Prices":1.76,"":null,"":null,"":null,"":null,"":null,"":null,"":2.99,"":5.28,"":null,"":4.73,"":null,"":null,"":null,"":null,"":null},
{"Back to Contents":"Jan-1987","Data 1: U.S. Natural Gas Prices":1.74,"":null,"":null,"":null,"":null,"":null,"":null,"":2.98,"":5.3,"":null,"":4.8,"":null,"":null,"":null,"":null,"":null},
{"Back to Contents":"Feb-1987","Data 1: U.S. Natural Gas Prices":1.73,"":null,"":null,"":null,"":null,"":null,"":null,"":3.03,"":5.34,"":null,"":4.79,"":null,"":null,"":null,"":null,"":null},
{"Back to Contents":"Mar-1987","Data 1: U.S. Natural Gas Prices":1.73,"":null,"":null,"":null,"":null,"":null,"":null,"":2.91,"":5.36,"":null,"":4.8,"":null,"":null,"":null,"":null,"":null},
{"Back to Contents":"Apr-1987","Data 1: U.S. Natural Gas Prices":1.69,"":null,"":null,"":null,"":null,"":null,"":null,"":2.86,"":5.46,"":null,"":4.9,"":null,"":null,"":null,"":null,"":null},
{"Back to Contents":"May-1987","Data 1: U.S. Natural Gas Prices":1.65,"":null,"":null,"":null,"":null,"":null,"":null,"":2.81,"":5.98,"":null,"":4.88,"":null,"":null,"":null,"":null,"":null},
{"Back to Contents":"Jun-1987","Data 1: U.S. Natural Gas Prices":1.65,"":null,"":null,"":null,"":null,"":null,"":null,"":2.84,"":6.55,"":null,"":4.87,"":null,"":null,"":null,"":null,"":null},
{"Back to Contents":"Jul-1987","Data 1: U.S. Natural Gas Prices":1.66,"":null,"":null,"":null,"":null,"":null,"":null,"":2.92,"":6.78,"":null,"":4.78,"":null,"":null,"":null,"":null,"":null},
{"Back to Contents":"Aug-1987","Data 1: U.S. Natural Gas Prices":1.63,"":null,"":null,"":null,"":null,"":null,"":null,"":2.89,"":6.84,"":null,"":4.77,"":null,"":null,"":null,"":null,"":null},
{"Back to Contents":"Sep-1987","Data 1: U.S. Natural Gas Prices":1.56,"":null,"":null,"":null,"":null,"":null,"":null,"":2.83,"":6.64,"":null,"":4.6,"":null,"":null,"":null,"":null,"":null},
{"Back to Contents":"Oct-1987","Data 1: U.S. Natural Gas Prices":1.57,"":null,"":null,"":null,"":null,"":null,"":null,"":2.69,"":5.85,"":null,"":4.62,"":null,"":null,"":null,"":null,"":null},
{"Back to Contents":"Nov-1987","Data 1: U.S. Natural Gas Prices":1.64,"":null,"":null,"":null,"":null,"":null,"":null,"":2.76,"":5.42,"":null,"":4.66,"":null,"":null,"":null,"":null,"":null},
{"Back to Contents":"Dec-1987","Data 1: U.S. Natural Gas Prices":1.7,"":null,"":null,"":null,"":null,"":null,"":null,"":2.84,"":5.13,"":null,"":4.67,"":null,"":null,"":null,"":null,"":null},
{"Back to Contents":"Jan-1988","Data 1: U.S. Natural Gas Prices":1.96,"":null,"":null,"":null,"":null,"":null,"":null,"":2.91,"":5.08,"":null,"":4.6,"":93.8,"":null,"":null,"":null,"":null},
{"Back to Contents":"Feb-1988","Data 1: U.S. Natural Gas Prices":1.84,"":null,"":null,"":null,"":null,"":null,"":null,"":2.95,"":5.09,"":null,"":4.69,"":93.3,"":null,"":null,"":null,"":null},
{"Back to Contents":"Mar-1988","Data 1: U.S. Natural Gas Prices":1.7,"":null,"":null,"":null,"":null,"":null,"":null,"":2.87,"":5.18,"":null,"":4.69,"":92.5,"":null,"":null,"":null,"":null},
{"Back to Contents":"Apr-1988","Data 1: U.S. Natural Gas Prices":1.59,"":null,"":null,"":null,"":null,"":null,"":null,"":2.79,"":5.35,"":null,"":4.71,"":91.7,"":null,"":null,"":null,"":null},
{"Back to Contents":"May-1988","Data 1: U.S. Natural Gas Prices":1.52,"":null,"":null,"":null,"":null,"":null,"":null,"":2.75,"":5.87,"":null,"":4.61,"":89.4,"":null,"":null,"":null,"":null},
{"Back to Contents":"Jun-1988","Data 1: U.S. Natural Gas Prices":1.53,"":null,"":null,"":null,"":null,"":null,"":null,"":2.87,"":6.5,"":null,"":4.53,"":87.5,"":null,"":null,"":null,"":null},
{"Back to Contents":"Jul-1988","Data 1: U.S. Natural Gas Prices":1.56,"":null,"":null,"":null,"":null,"":null,"":null,"":2.87,"":6.74,"":null,"":4.48,"":86.3,"":null,"":null,"":null,"":null},
{"Back to Contents":"Aug-1988","Data 1: U.S. Natural Gas Prices":1.62,"":null,"":null,"":null,"":null,"":null,"":null,"":2.92,"":6.92,"":null,"":4.37,"":87.2,"":null,"":null,"":null,"":null},
{"Back to Contents":"Sep-1988","Data 1: U.S. Natural Gas Prices":1.53,"":null,"":null,"":null,"":null,"":null,"":null,"":3.05,"":6.79,"":null,"":4.41,"":87.6,"":null,"":null,"":null,"":null},
{"Back to Contents":"Oct-1988","Data 1: U.S. Natural Gas Prices":1.68,"":null,"":null,"":null,"":null,"":null,"":null,"":2.92,"":5.95,"":null,"":4.53,"":87.4,"":null,"":null,"":null,"":null},
{"Back to Contents":"Nov-1988","Data 1: U.S. Natural Gas Prices":1.76,"":null,"":null,"":null,"":null,"":null,"":null,"":2.98,"":5.56,"":null,"":4.69,"":88.7,"":null,"":null,"":null,"":null},
{"Back to Contents":"Dec-1988","Data 1: U.S. Natural Gas Prices":1.89,"":null,"":null,"":null,"":null,"":null,"":null,"":3.08,"":5.39,"":null,"":4.78,"":89.7,"":null,"":null,"":null,"":null},
{"Back to Contents":"Jan-1989","Data 1: U.S. Natural Gas Prices":1.99,"":1.72,"":null,"":null,"":2.69,"":null,"":null,"":3.17,"":5.41,"":null,"":4.81,"":91,"":null,"":null,"":null,"":null},
{"Back to Contents":"Feb-1989","Data 1: U.S. Natural Gas Prices":1.81,"":1.88,"":null,"":null,"":2.4,"":null,"":null,"":3.1,"":5.38,"":null,"":4.8,"":91.2,"":null,"":null,"":null,"":null},
{"Back to Contents":"Mar-1989","Data 1: U.S. Natural Gas Prices":1.69,"":1.81,"":null,"":null,"":2.4,"":null,"":null,"":2.89,"":5.45,"":null,"":4.79,"":90.8,"":null,"":null,"":null,"":null},
{"Back to Contents":"Apr-1989","Data 1: U.S. Natural Gas Prices":1.56,"":1.73,"":null,"":null,"":2.33,"":null,"":null,"":2.83,"":5.54,"":null,"":4.77,"":89.2,"":null,"":null,"":null,"":null},
{"Back to Contents":"May-1989","Data 1: U.S. Natural Gas Prices":1.61,"":1.76,"":null,"":null,"":2.44,"":null,"":null,"":2.94,"":5.93,"":null,"":4.64,"":88.2,"":null,"":null,"":null,"":null},
{"Back to Contents":"Jun-1989","Data 1: U.S. Natural Gas Prices":1.65,"":1.81,"":null,"":null,"":2.57,"":null,"":null,"":2.98,"":6.58,"":null,"":4.57,"":86.1,"":null,"":null,"":null,"":null},
{"Back to Contents":"Jul-1989","Data 1: U.S. Natural Gas Prices":1.65,"":1.75,"":null,"":null,"":2.54,"":null,"":null,"":3.08,"":6.92,"":null,"":4.65,"":85.1,"":null,"":null,"":null,"":null},
{"Back to Contents":"Aug-1989","Data 1: U.S. Natural Gas Prices":1.61,"":1.77,"":null,"":null,"":2.48,"":null,"":null,"":3.04,"":7.07,"":null,"":4.61,"":85.1,"":null,"":null,"":null,"":null},
{"Back to Contents":"Sep-1989","Data 1: U.S. Natural Gas Prices":1.55,"":1.77,"":null,"":null,"":2.41,"":null,"":null,"":2.99,"":6.8,"":null,"":4.67,"":84.6,"":null,"":null,"":null,"":null},
{"Back to Contents":"Oct-1989","Data 1: U.S. Natural Gas Prices":1.58,"":1.78,"":null,"":null,"":2.56,"":null,"":null,"":2.84,"":6.06,"":null,"":4.61,"":85.2,"":null,"":null,"":null,"":null},
{"Back to Contents":"Nov-1989","Data 1: U.S. Natural Gas Prices":1.66,"":1.91,"":null,"":null,"":2.71,"":null,"":null,"":2.98,"":5.56,"":null,"":4.71,"":87.7,"":null,"":null,"":null,"":null},
{"Back to Contents":"Dec-1989","Data 1: U.S. Natural Gas Prices":1.92,"":1.99,"":null,"":null,"":2.79,"":null,"":null,"":3.1,"":5.3,"":null,"":4.81,"":90.7,"":null,"":null,"":null,"":null},
{"Back to Contents":"Jan-1990","Data 1: U.S. Natural Gas Prices":2.23,"":2.12,"":null,"":null,"":3.11,"":null,"":null,"":3.24,"":5.43,"":null,"":4.97,"":90.8,"":null,"":null,"":null,"":null},
{"Back to Contents":"Feb-1990","Data 1: U.S. Natural Gas Prices":1.85,"":2.1,"":null,"":null,"":2.94,"":null,"":null,"":3.1,"":5.65,"":null,"":5.05,"":88.8,"":null,"":null,"":null,"":null},
{"Back to Contents":"Mar-1990","Data 1: U.S. Natural Gas Prices":1.55,"":1.99,"":null,"":null,"":2.42,"":null,"":null,"":2.94,"":5.6,"":null,"":4.92,"":88.3,"":null,"":null,"":null,"":null},
{"Back to Contents":"Apr-1990","Data 1: U.S. Natural Gas Prices":1.49,"":1.82,"":null,"":null,"":2.95,"":null,"":null,"":2.83,"":5.64,"":null,"":4.82,"":86.9,"":null,"":null,"":null,"":null},
{"Back to Contents":"May-1990","Data 1: U.S. Natural Gas Prices":1.47,"":1.79,"":null,"":null,"":2.51,"":null,"":null,"":2.81,"":6,"":null,"":4.63,"":85.5,"":null,"":null,"":null,"":null},
{"Back to Contents":"Jun-1990","Data 1: U.S. Natural Gas Prices":1.48,"":1.79,"":null,"":null,"":2.75,"":null,"":null,"":3,"":6.56,"":null,"":4.56,"":83.8,"":null,"":null,"":null,"":null},
{"Back to Contents":"Jul-1990","Data 1: U.S. Natural Gas Prices":1.49,"":1.83,"":null,"":null,"":2.95,"":null,"":null,"":3.03,"":7.04,"":null,"":4.45,"":81.8,"":null,"":null,"":null,"":null},
{"Back to Contents":"Aug-1990","Data 1: U.S. Natural Gas Prices":1.51,"":1.78,"":null,"":null,"":2.79,"":null,"":null,"":2.91,"":7.08,"":null,"":4.55,"":81.7,"":null,"":null,"":null,"":null},
{"Back to Contents":"Sep-1990","Data 1: U.S. Natural Gas Prices":1.56,"":1.8,"":null,"":null,"":2.82,"":null,"":null,"":2.92,"":6.9,"":null,"":4.55,"":80.3,"":null,"":null,"":null,"":null},
{"Back to Contents":"Oct-1990","Data 1: U.S. Natural Gas Prices":1.76,"":1.84,"":null,"":null,"":2.71,"":null,"":null,"":2.81,"":6.14,"":null,"":4.66,"":81.2,"":null,"":null,"":null,"":null},
{"Back to Contents":"Nov-1990","Data 1: U.S. Natural Gas Prices":1.94,"":2.12,"":null,"":null,"":2.74,"":null,"":null,"":3.14,"":5.69,"":null,"":4.81,"":84.7,"":null,"":null,"":null,"":null},
{"Back to Contents":"Dec-1990","Data 1: U.S. Natural Gas Prices":2.04,"":2.13,"":null,"":null,"":4.23,"":null,"":null,"":3.19,"":5.62,"":null,"":4.92,"":87.9,"":null,"":null,"":null,"":null},
{"Back to Contents":"Jan-1991","Data 1: U.S. Natural Gas Prices":1.96,"":2.11,"":null,"":null,"":3.61,"":null,"":null,"":3.08,"":5.54,"":null,"":4.94,"":89.4,"":null,"":null,"":null,"":null},
{"Back to Contents":"Feb-1991","Data 1: U.S. Natural Gas Prices":1.62,"":1.92,"":null,"":null,"":3.08,"":null,"":null,"":2.94,"":5.56,"":null,"":4.94,"":88.5,"":null,"":null,"":null,"":null},
{"Back to Contents":"Mar-1991","Data 1: U.S. Natural Gas Prices":1.49,"":1.86,"":null,"":null,"":2.76,"":null,"":null,"":2.78,"":5.6,"":null,"":4.89,"":87.8,"":null,"":null,"":null,"":null},
{"Back to Contents":"Apr-1991","Data 1: U.S. Natural Gas Prices":1.5,"":1.79,"":null,"":null,"":2.87,"":null,"":null,"":2.74,"":5.9,"":null,"":4.87,"":84,"":null,"":null,"":null,"":null},
{"Back to Contents":"May-1991","Data 1: U.S. Natural Gas Prices":1.48,"":1.74,"":null,"":null,"":2.14,"":null,"":null,"":2.76,"":6.28,"":null,"":4.65,"":83.2,"":null,"":null,"":null,"":null},
{"Back to Contents":"Jun-1991","Data 1: U.S. Natural Gas Prices":1.43,"":1.72,"":null,"":null,"":2.19,"":null,"":null,"":2.86,"":6.97,"":null,"":4.8,"":80,"":null,"":null,"":null,"":null},
{"Back to Contents":"Jul-1991","Data 1: U.S. Natural Gas Prices":1.34,"":1.68,"":null,"":null,"":2.36,"":null,"":null,"":2.74,"":7.23,"":null,"":4.5,"":79.3,"":null,"":null,"":null,"":null},
{"Back to Contents":"Aug-1991","Data 1: U.S. Natural Gas Prices":1.43,"":1.6,"":null,"":null,"":2.53,"":null,"":null,"":2.78,"":7.36,"":null,"":4.73,"":81.6,"":null,"":null,"":null,"":null},
{"Back to Contents":"Sep-1991","Data 1: U.S. Natural Gas Prices":1.59,"":1.67,"":null,"":null,"":2.32,"":null,"":null,"":2.91,"":6.92,"":null,"":4.57,"":78.1,"":null,"":null,"":null,"":null},
{"Back to Contents":"Oct-1991","Data 1: U.S. Natural Gas Prices":1.82,"":1.8,"":null,"":null,"":2.27,"":null,"":null,"":2.92,"":6.2,"":null,"":4.58,"":78.7,"":null,"":null,"":null,"":null},
{"Back to Contents":"Nov-1991","Data 1: U.S. Natural Gas Prices":1.89,"":1.91,"":null,"":null,"":2.41,"":null,"":null,"":2.92,"":5.51,"":null,"":4.71,"":85.1,"":null,"":null,"":null,"":null},
{"Back to Contents":"Dec-1991","Data 1: U.S. Natural Gas Prices":2,"":1.98,"":null,"":null,"":2.58,"":null,"":null,"":3.05,"":5.51,"":null,"":4.84,"":86.1,"":null,"":null,"":null,"":null},
{"Back to Contents":"Jan-1992","Data 1: U.S. Natural Gas Prices":1.74,"":1.98,"":null,"":null,"":2.3,"":null,"":null,"":2.9,"":5.53,"":null,"":4.85,"":87.1,"":null,"":null,"":null,"":null},
{"Back to Contents":"Feb-1992","Data 1: U.S. Natural Gas Prices":1.26,"":1.68,"":null,"":null,"":1.98,"":null,"":null,"":2.7,"":5.54,"":null,"":5.03,"":85.2,"":null,"":null,"":null,"":null},
{"Back to Contents":"Mar-1992","Data 1: U.S. Natural Gas Prices":1.35,"":1.65,"":null,"":null,"":2.03,"":null,"":null,"":2.61,"":5.5,"":null,"":4.77,"":84.7,"":null,"":null,"":null,"":null},
{"Back to Contents":"Apr-1992","Data 1: U.S. Natural Gas Prices":1.42,"":1.63,"":null,"":null,"":1.88,"":null,"":null,"":2.74,"":5.62,"":null,"":4.77,"":84,"":null,"":null,"":null,"":null},
{"Back to Contents":"May-1992","Data 1: U.S. Natural Gas Prices":1.51,"":1.66,"":null,"":null,"":2.12,"":null,"":null,"":2.9,"":6.15,"":null,"":4.59,"":79.3,"":null,"":null,"":null,"":null},
{"Back to Contents":"Jun-1992","Data 1: U.S. Natural Gas Prices":1.62,"":1.77,"":null,"":null,"":2.17,"":null,"":null,"":3,"":6.84,"":null,"":4.72,"":79.4,"":null,"":null,"":null,"":null},
{"Back to Contents":"Jul-1992","Data 1: U.S. Natural Gas Prices":1.55,"":1.7,"":null,"":null,"":2.16,"":null,"":null,"":3.01,"":7.27,"":null,"":4.64,"":76,"":null,"":null,"":null,"":null},
{"Back to Contents":"Aug-1992","Data 1: U.S. Natural Gas Prices":1.84,"":1.83,"":null,"":null,"":2.31,"":null,"":null,"":3.18,"":7.45,"":null,"":4.73,"":76.1,"":null,"":null,"":null,"":null},
{"Back to Contents":"Sep-1992","Data 1: U.S. Natural Gas Prices":1.92,"":1.96,"":null,"":null,"":2.36,"":null,"":null,"":3.23,"":7.15,"":null,"":4.69,"":78,"":null,"":null,"":null,"":null},
{"Back to Contents":"Oct-1992","Data 1: U.S. Natural Gas Prices":2.38,"":2.22,"":null,"":null,"":2.65,"":null,"":null,"":3.5,"":6.52,"":null,"":4.9,"":80.9,"":null,"":null,"":null,"":null},
{"Back to Contents":"Nov-1992","Data 1: U.S. Natural Gas Prices":2.13,"":1.96,"":null,"":null,"":2.52,"":null,"":null,"":3.33,"":6.02,"":null,"":5.12,"":83.1,"":null,"":null,"":null,"":null},
{"Back to Contents":"Dec-1992","Data 1: U.S. Natural Gas Prices":2.07,"":2.13,"":null,"":null,"":2.49,"":null,"":null,"":3.17,"":5.74,"":null,"":5.11,"":85.6,"":null,"":null,"":null,"":null},
{"Back to Contents":"Jan-1993","Data 1: U.S. Natural Gas Prices":2.03,"":2.07,"":null,"":null,"":2.44,"":null,"":null,"":3.11,"":5.73,"":null,"":5.23,"":86.6,"":null,"":null,"":null,"":null},
{"Back to Contents":"Feb-1993","Data 1: U.S. Natural Gas Prices":1.76,"":1.89,"":null,"":null,"":2.45,"":null,"":null,"":2.94,"":5.73,"":null,"":5.14,"":86.3,"":null,"":null,"":null,"":null},
{"Back to Contents":"Mar-1993","Data 1: U.S. Natural Gas Prices":2,"":1.94,"":null,"":null,"":2.46,"":null,"":null,"":3.06,"":5.67,"":null,"":5.1,"":86.4,"":null,"":null,"":null,"":null},
{"Back to Contents":"Apr-1993","Data 1: U.S. Natural Gas Prices":2.06,"":2.03,"":null,"":null,"":2.58,"":null,"":null,"":3.24,"":6.02,"":null,"":5.19,"":84.9,"":null,"":null,"":null,"":null},
{"Back to Contents":"May-1993","Data 1: U.S. Natural Gas Prices":2.18,"":2.17,"":null,"":null,"":2.63,"":null,"":null,"":3.58,"":6.78,"":null,"":5.31,"":82.2,"":null,"":null,"":null,"":null},
{"Back to Contents":"Jun-1993","Data 1: U.S. Natural Gas Prices":1.98,"":1.98,"":null,"":null,"":2.31,"":null,"":null,"":3.44,"":7.37,"":null,"":5.4,"":79,"":null,"":null,"":null,"":null},
{"Back to Contents":"Jul-1993","Data 1: U.S. Natural Gas Prices":1.99,"":1.92,"":null,"":null,"":2.55,"":null,"":null,"":3.34,"":7.86,"":null,"":5.15,"":79.2,"":null,"":null,"":null,"":null},
{"Back to Contents":"Aug-1993","Data 1: U.S. Natural Gas Prices":2.04,"":1.97,"":null,"":null,"":2.68,"":null,"":null,"":3.35,"":8.13,"":null,"":5.34,"":78,"":null,"":null,"":null,"":null},
{"Back to Contents":"Sep-1993","Data 1: U.S. Natural Gas Prices":2.09,"":2.09,"":null,"":null,"":2.78,"":null,"":null,"":3.54,"":7.75,"":null,"":5.35,"":78.3,"":null,"":null,"":null,"":null},
{"Back to Contents":"Oct-1993","Data 1: U.S. Natural Gas Prices":2.02,"":1.93,"":null,"":null,"":2.52,"":null,"":null,"":3.15,"":6.79,"":null,"":5.18,"":79.9,"":null,"":null,"":null,"":null},
{"Back to Contents":"Nov-1993","Data 1: U.S. Natural Gas Prices":2.03,"":2.07,"":null,"":null,"":2.83,"":null,"":null,"":3.15,"":6.17,"":null,"":5.21,"":83,"":null,"":null,"":null,"":null},
{"Back to Contents":"Dec-1993","Data 1: U.S. Natural Gas Prices":2.15,"":2.27,"":null,"":null,"":3.01,"":null,"":null,"":3.27,"":6.07,"":null,"":5.33,"":85.1,"":null,"":null,"":null,"":null},
{"Back to Contents":"Jan-1994","Data 1: U.S. Natural Gas Prices":1.93,"":2.11,"":null,"":null,"":2.71,"":null,"":null,"":3.04,"":5.93,"":null,"":5.5,"":83.7,"":null,"":null,"":null,"":null},
{"Back to Contents":"Feb-1994","Data 1: U.S. Natural Gas Prices":1.88,"":2.24,"":null,"":null,"":2.74,"":null,"":null,"":3.26,"":6.04,"":null,"":5.58,"":83.9,"":null,"":null,"":null,"":null},
{"Back to Contents":"Mar-1994","Data 1: U.S. Natural Gas Prices":1.93,"":2.21,"":null,"":null,"":2.74,"":null,"":null,"":3.33,"":6.3,"":null,"":5.67,"":82.8,"":null,"":null,"":null,"":null},
{"Back to Contents":"Apr-1994","Data 1: U.S. Natural Gas Prices":1.91,"":1.96,"":null,"":null,"":2.45,"":null,"":null,"":3.15,"":6.6,"":null,"":5.6,"":78.6,"":null,"":null,"":null,"":null},
{"Back to Contents":"May-1994","Data 1: U.S. Natural Gas Prices":2,"":1.94,"":null,"":null,"":2.47,"":null,"":null,"":3.17,"":6.84,"":null,"":5.47,"":74.5,"":null,"":null,"":null,"":null},
{"Back to Contents":"Jun-1994","Data 1: U.S. Natural Gas Prices":1.8,"":1.77,"":null,"":null,"":2.52,"":null,"":null,"":3.17,"":7.66,"":null,"":5.37,"":70.5,"":null,"":null,"":null,"":null},
{"Back to Contents":"Jul-1994","Data 1: U.S. Natural Gas Prices":1.81,"":1.82,"":null,"":null,"":2.65,"":null,"":null,"":3.12,"":8.1,"":null,"":5.25,"":68.7,"":null,"":null,"":null,"":null},
{"Back to Contents":"Aug-1994","Data 1: U.S. Natural Gas Prices":1.83,"":1.76,"":null,"":null,"":2.42,"":null,"":null,"":3.15,"":8.22,"":null,"":5.31,"":72.6,"":null,"":null,"":null,"":null},
{"Back to Contents":"Sep-1994","Data 1: U.S. Natural Gas Prices":1.78,"":1.66,"":null,"":null,"":2.37,"":null,"":null,"":2.92,"":7.84,"":null,"":5.36,"":72.2,"":null,"":null,"":null,"":null},
{"Back to Contents":"Oct-1994","Data 1: U.S. Natural Gas Prices":1.7,"":1.54,"":null,"":null,"":2.38,"":null,"":null,"":2.8,"":6.86,"":null,"":5.11,"":74.3,"":null,"":null,"":null,"":null},
{"Back to Contents":"Nov-1994","Data 1: U.S. Natural Gas Prices":1.75,"":1.71,"":null,"":null,"":2.21,"":null,"":null,"":2.84,"":6.27,"":null,"":5.19,"":77.8,"":null,"":null,"":null,"":null},
{"Back to Contents":"Dec-1994","Data 1: U.S. Natural Gas Prices":1.88,"":1.72,"":null,"":null,"":2.47,"":null,"":null,"":2.86,"":6.06,"":null,"":5.24,"":82.1,"":null,"":null,"":null,"":null},
{"Back to Contents":"Jan-1995","Data 1: U.S. Natural Gas Prices":1.62,"":1.6,"":null,"":null,"":2.36,"":null,"":null,"":2.79,"":5.85,"":null,"":5.23,"":81.6,"":null,"":null,"":null,"":null},
{"Back to Contents":"Feb-1995","Data 1: U.S. Natural Gas Prices":1.48,"":1.46,"":null,"":null,"":2.3,"":null,"":null,"":2.71,"":5.76,"":null,"":5.14,"":81.7,"":null,"":null,"":null,"":null},
{"Back to Contents":"Mar-1995","Data 1: U.S. Natural Gas Prices":1.47,"":1.4,"":null,"":null,"":2.22,"":null,"":null,"":2.74,"":5.84,"":null,"":5.12,"":81.2,"":null,"":null,"":null,"":null},
{"Back to Contents":"Apr-1995","Data 1: U.S. Natural Gas Prices":1.52,"":1.37,"":null,"":null,"":2.17,"":null,"":null,"":2.72,"":6.06,"":null,"":5.08,"":77.2,"":null,"":null,"":null,"":null},
{"Back to Contents":"May-1995","Data 1: U.S. Natural Gas Prices":1.55,"":1.46,"":null,"":null,"":2.23,"":null,"":null,"":2.8,"":6.54,"":null,"":5.04,"":71.8,"":null,"":null,"":null,"":null},
{"Back to Contents":"Jun-1995","Data 1: U.S. Natural Gas Prices":1.58,"":1.47,"":null,"":null,"":2.34,"":null,"":null,"":2.89,"":7.49,"":null,"":5.16,"":71.4,"":null,"":null,"":null,"":null},
{"Back to Contents":"Jul-1995","Data 1: U.S. Natural Gas Prices":1.43,"":1.4,"":null,"":null,"":2.3,"":null,"":null,"":2.89,"":7.82,"":null,"":5.03,"":67.3,"":null,"":null,"":null,"":null},
{"Back to Contents":"Aug-1995","Data 1: U.S. Natural Gas Prices":1.43,"":1.34,"":null,"":null,"":2.6,"":null,"":null,"":2.87,"":8.13,"":null,"":4.99,"":66.6,"":null,"":null,"":null,"":null},
{"Back to Contents":"Sep-1995","Data 1: U.S. Natural Gas Prices":1.52,"":1.43,"":null,"":null,"":2.58,"":null,"":null,"":2.89,"":7.73,"":null,"":4.98,"":67.9,"":null,"":null,"":null,"":null},
{"Back to Contents":"Oct-1995","Data 1: U.S. Natural Gas Prices":1.54,"":1.48,"":null,"":null,"":2.21,"":null,"":null,"":2.83,"":6.62,"":null,"":4.82,"":69.7,"":null,"":null,"":null,"":null},
{"Back to Contents":"Nov-1995","Data 1: U.S. Natural Gas Prices":1.61,"":1.61,"":null,"":null,"":2.69,"":null,"":null,"":2.67,"":5.61,"":null,"":4.77,"":75.6,"":null,"":null,"":null,"":null},
{"Back to Contents":"Dec-1995","Data 1: U.S. Natural Gas Prices":1.84,"":1.8,"":null,"":null,"":2.94,"":null,"":null,"":2.83,"":5.54,"":null,"":5,"":79.2,"":null,"":null,"":null,"":null},
{"Back to Contents":"Jan-1996","Data 1: U.S. Natural Gas Prices":2.05,"":2.09,"":null,"":null,"":3.1,"":null,"":null,"":3.14,"":5.64,"":null,"":5.29,"":83.2,"":null,"":null,"":null,"":null},
{"Back to Contents":"Feb-1996","Data 1: U.S. Natural Gas Prices":1.89,"":1.95,"":null,"":null,"":2.85,"":null,"":null,"":3.16,"":5.82,"":null,"":5.25,"":83.3,"":null,"":null,"":null,"":null},
{"Back to Contents":"Mar-1996","Data 1: U.S. Natural Gas Prices":1.95,"":1.92,"":null,"":null,"":2.88,"":null,"":null,"":3.17,"":5.93,"":null,"":5.36,"":81.8,"":null,"":null,"":null,"":null},
{"Back to Contents":"Apr-1996","Data 1: U.S. Natural Gas Prices":2.08,"":1.87,"":null,"":null,"":2.88,"":null,"":null,"":3.22,"":6.27,"":null,"":5.34,"":79.5,"":null,"":null,"":null,"":null},
{"Back to Contents":"May-1996","Data 1: U.S. Natural Gas Prices":2.01,"":1.72,"":null,"":null,"":2.73,"":null,"":null,"":3.18,"":6.84,"":null,"":5.4,"":74.6,"":null,"":null,"":null,"":null},
{"Back to Contents":"Jun-1996","Data 1: U.S. Natural Gas Prices":2.08,"":1.7,"":null,"":null,"":2.87,"":null,"":null,"":3.41,"":7.83,"":null,"":5.43,"":70,"":null,"":null,"":null,"":null},
{"Back to Contents":"Jul-1996","Data 1: U.S. Natural Gas Prices":2.25,"":1.84,"":null,"":null,"":3.04,"":null,"":null,"":3.49,"":8.64,"":null,"":5.46,"":67.8,"":null,"":null,"":null,"":null},
{"Back to Contents":"Aug-1996","Data 1: U.S. Natural Gas Prices":2.1,"":1.8,"":null,"":null,"":2.65,"":null,"":null,"":3.46,"":8.73,"":null,"":5.56,"":66.3,"":null,"":null,"":null,"":null},
{"Back to Contents":"Sep-1996","Data 1: U.S. Natural Gas Prices":1.85,"":1.62,"":null,"":null,"":2.85,"":null,"":null,"":3.05,"":7.99,"":null,"":5.46,"":67.1,"":null,"":null,"":null,"":null},
{"Back to Contents":"Oct-1996","Data 1: U.S. Natural Gas Prices":1.94,"":1.71,"":null,"":null,"":2.83,"":null,"":null,"":2.94,"":7.05,"":null,"":5.33,"":69.1,"":null,"":null,"":null,"":null},
{"Back to Contents":"Nov-1996","Data 1: U.S. Natural Gas Prices":2.5,"":2.26,"":null,"":null,"":3.25,"":null,"":null,"":3.46,"":6.37,"":null,"":5.4,"":75.7,"":null,"":null,"":null,"":null},
{"Back to Contents":"Dec-1996","Data 1: U.S. Natural Gas Prices":3.26,"":3,"":null,"":null,"":3.7,"":null,"":null,"":4.18,"":6.47,"":null,"":5.78,"":78.1,"":null,"":null,"":null,"":null},
{"Back to Contents":"Jan-1997","Data 1: U.S. Natural Gas Prices":3.4,"":3.26,"":2.93,"":3,"":4.16,"":4.08,"":4.25,"":4.28,"":6.74,"":null,"":6.19,"":78.7,"":null,"":null,"":null,"":null},
{"Back to Contents":"Feb-1997","Data 1: U.S. Natural Gas Prices":2.49,"":2.52,"":2.49,"":3,"":3.46,"":2.85,"":4.29,"":3.76,"":6.79,"":null,"":6.14,"":78.3,"":null,"":null,"":null,"":null},
{"Back to Contents":"Mar-1997","Data 1: U.S. Natural Gas Prices":1.79,"":1.72,"":2.1,"":2.98,"":2.74,"":1.99,"":4.22,"":3.07,"":6.52,"":null,"":5.73,"":73.9,"":null,"":null,"":null,"":null},
{"Back to Contents":"Apr-1997","Data 1: U.S. Natural Gas Prices":1.81,"":1.67,"":1.72,"":2.23,"":2.72,"":1.8,"":4.06,"":2.92,"":6.53,"":null,"":5.46,"":71.8,"":null,"":null,"":null,"":null},
{"Back to Contents":"May-1997","Data 1: U.S. Natural Gas Prices":2,"":1.83,"":1.82,"":2.39,"":2.72,"":2.04,"":3.98,"":3.11,"":6.83,"":null,"":5.39,"":65.5,"":null,"":null,"":null,"":null},
{"Back to Contents":"Jun-1997","Data 1: U.S. Natural Gas Prices":2.08,"":1.88,"":1.82,"":2.48,"":2.81,"":2.22,"":4.22,"":3.41,"":8.3,"":null,"":5.64,"":61.6,"":null,"":null,"":null,"":null},
{"Back to Contents":"Jul-1997","Data 1: U.S. Natural Gas Prices":2,"":1.84,"":null,"":null,"":2.71,"":null,"":null,"":3.44,"":8.78,"":null,"":5.35,"":59.4,"":null,"":null,"":null,"":null},
{"Back to Contents":"Aug-1997","Data 1: U.S. Natural Gas Prices":2.08,"":1.83,"":null,"":null,"":2.86,"":null,"":null,"":3.34,"":8.99,"":null,"":5.43,"":57.9,"":null,"":null,"":null,"":null},
{"Back to Contents":"Sep-1997","Data 1: U.S. Natural Gas Prices":2.33,"":2.01,"":null,"":null,"":2.83,"":null,"":null,"":3.5,"":8.84,"":null,"":5.58,"":59.4,"":null,"":null,"":null,"":null},
{"Back to Contents":"Oct-1997","Data 1: U.S. Natural Gas Prices":2.68,"":2.33,"":null,"":null,"":3.19,"":null,"":null,"":3.86,"":7.69,"":null,"":5.74,"":62.8,"":null,"":null,"":null,"":null},
{"Back to Contents":"Nov-1997","Data 1: U.S. Natural Gas Prices":2.92,"":2.72,"":null,"":null,"":3.35,"":null,"":null,"":4.76,"":6.86,"":null,"":5.86,"":70.3,"":null,"":null,"":null,"":null},
{"Back to Contents":"Dec-1997","Data 1: U.S. Natural Gas Prices":2.28,"":2.19,"":null,"":null,"":2.86,"":null,"":null,"":3.42,"":6.54,"":null,"":5.72,"":72.9,"":null,"":null,"":null,"":null},
{"Back to Contents":"Jan-1998","Data 1: U.S. Natural Gas Prices":1.96,"":2.08,"":null,"":null,"":2.93,"":null,"":null,"":3.08,"":6.41,"":null,"":5.65,"":73.2,"":null,"":null,"":null,"":null},
{"Back to Contents":"Feb-1998","Data 1: U.S. Natural Gas Prices":1.96,"":1.94,"":null,"":null,"":2.53,"":null,"":null,"":3.08,"":6.41,"":null,"":5.59,"":72.9,"":null,"":null,"":null,"":null},
{"Back to Contents":"Mar-1998","Data 1: U.S. Natural Gas Prices":2.06,"":1.98,"":null,"":null,"":2.55,"":null,"":null,"":3.06,"":6.29,"":null,"":5.4,"":73.6,"":null,"":null,"":null,"":null},
{"Back to Contents":"Apr-1998","Data 1: U.S. Natural Gas Prices":2.16,"":2.04,"":null,"":null,"":2.57,"":null,"":null,"":3.23,"":6.81,"":null,"":5.64,"":67.7,"":null,"":null,"":null,"":null},
{"Back to Contents":"May-1998","Data 1: U.S. Natural Gas Prices":2.04,"":2.02,"":null,"":null,"":2.26,"":null,"":null,"":3.12,"":7.7,"":null,"":5.73,"":62.6,"":null,"":null,"":null,"":null},
{"Back to Contents":"Jun-1998","Data 1: U.S. Natural Gas Prices":1.91,"":1.88,"":null,"":null,"":2.29,"":null,"":null,"":2.98,"":8.51,"":null,"":5.51,"":62.9,"":null,"":null,"":null,"":null},
{"Back to Contents":"Jul-1998","Data 1: U.S. Natural Gas Prices":2.09,"":1.97,"":null,"":null,"":2.42,"":null,"":null,"":3.31,"":8.53,"":null,"":5.64,"":56,"":null,"":null,"":null,"":null},
{"Back to Contents":"Aug-1998","Data 1: U.S. Natural Gas Prices":1.82,"":1.82,"":null,"":null,"":2.35,"":null,"":null,"":3.01,"":9.25,"":null,"":5.46,"":53.3,"":null,"":null,"":null,"":null},
{"Back to Contents":"Sep-1998","Data 1: U.S. Natural Gas Prices":1.7,"":1.68,"":null,"":null,"":2.4,"":null,"":null,"":2.78,"":8.96,"":null,"":5.49,"":57,"":null,"":null,"":null,"":null},
{"Back to Contents":"Oct-1998","Data 1: U.S. Natural Gas Prices":1.86,"":1.93,"":null,"":null,"":2.28,"":null,"":null,"":2.99,"":7.6,"":null,"":5.31,"":59.2,"":null,"":null,"":null,"":null},
{"Back to Contents":"Nov-1998","Data 1: U.S. Natural Gas Prices":1.94,"":2.12,"":null,"":null,"":2.28,"":null,"":null,"":2.99,"":6.58,"":null,"":5.22,"":64.5,"":null,"":null,"":null,"":null},
{"Back to Contents":"Dec-1998","Data 1: U.S. Natural Gas Prices":1.95,"":2.16,"":null,"":null,"":2.34,"":null,"":null,"":3.1,"":6.34,"":null,"":5.23,"":68.3,"":null,"":null,"":null,"":null},
{"Back to Contents":"Jan-1999","Data 1: U.S. Natural Gas Prices":1.85,"":2.03,"":2.02,"":2.42,"":2.36,"":null,"":null,"":2.85,"":6,"":null,"":5.19,"":73.1,"":null,"":null,"":null,"":null},
{"Back to Contents":"Feb-1999","Data 1: U.S. Natural Gas Prices":1.77,"":1.93,"":1.89,"":2.76,"":2.3,"":null,"":null,"":2.92,"":6.29,"":null,"":5.28,"":69.7,"":null,"":null,"":null,"":null},
{"Back to Contents":"Mar-1999","Data 1: U.S. Natural Gas Prices":1.7,"":1.8,"":1.77,"":2.44,"":2.11,"":null,"":null,"":2.77,"":6.06,"":null,"":4.97,"":69.2,"":null,"":null,"":null,"":null},
{"Back to Contents":"Apr-1999","Data 1: U.S. Natural Gas Prices":1.9,"":1.85,"":1.83,"":2.24,"":2.26,"":null,"":null,"":2.88,"":6.44,"":null,"":5.31,"":65.3,"":null,"":null,"":null,"":null},
{"Back to Contents":"May-1999","Data 1: U.S. Natural Gas Prices":2.17,"":2.17,"":2.17,"":1.99,"":2.48,"":null,"":null,"":3.25,"":7.3,"":null,"":5.34,"":61,"":null,"":null,"":null,"":null},
{"Back to Contents":"Jun-1999","Data 1: U.S. Natural Gas Prices":2.14,"":2.13,"":2.13,"":2.11,"":2.44,"":null,"":null,"":3.12,"":8.2,"":null,"":5.29,"":61,"":null,"":null,"":null,"":null},
{"Back to Contents":"Jul-1999","Data 1: U.S. Natural Gas Prices":2.2,"":2.18,"":2.17,"":2.22,"":2.54,"":null,"":null,"":3.11,"":8.83,"":null,"":5.43,"":58.2,"":null,"":null,"":null,"":null},
{"Back to Contents":"Aug-1999","Data 1: U.S. Natural Gas Prices":2.51,"":2.39,"":2.4,"":2.32,"":2.84,"":null,"":null,"":3.39,"":9.14,"":null,"":5.45,"":56.5,"":null,"":null,"":null,"":null},
{"Back to Contents":"Sep-1999","Data 1: U.S. Natural Gas Prices":2.62,"":2.63,"":2.64,"":2.58,"":3.03,"":null,"":null,"":3.59,"":8.63,"":null,"":5.55,"":60,"":null,"":null,"":null,"":null},
{"Back to Contents":"Oct-1999","Data 1: U.S. Natural Gas Prices":2.52,"":2.5,"":2.5,"":2.51,"":2.89,"":null,"":null,"":3.21,"":7.56,"":null,"":5.46,"":61.6,"":null,"":null,"":null,"":null},
{"Back to Contents":"Nov-1999","Data 1: U.S. Natural Gas Prices":2.68,"":2.85,"":2.84,"":2.98,"":3.12,"":null,"":null,"":3.71,"":7.15,"":null,"":5.72,"":63,"":null,"":null,"":null,"":null},
{"Back to Contents":"Dec-1999","Data 1: U.S. Natural Gas Prices":2.24,"":2.34,"":2.32,"":2.83,"":2.86,"":null,"":null,"":3.19,"":6.51,"":null,"":5.57,"":67.9,"":null,"":null,"":null,"":null},
{"Back to Contents":"Jan-2000","Data 1: U.S. Natural Gas Prices":2.6,"":2.44,"":2.42,"":2.85,"":2.95,"":null,"":null,"":3.27,"":6.37,"":null,"":5.77,"":67.2,"":null,"":null,"":null,"":null},
{"Back to Contents":"Feb-2000","Data 1: U.S. Natural Gas Prices":2.73,"":2.6,"":2.57,"":3.33,"":3.05,"":null,"":null,"":3.48,"":6.54,"":null,"":5.95,"":68.2,"":null,"":null,"":null,"":null},
{"Back to Contents":"Mar-2000","Data 1: U.S. Natural Gas Prices":2.66,"":2.61,"":2.6,"":2.77,"":3,"":null,"":null,"":3.54,"":6.91,"":null,"":5.78,"":63.6,"":null,"":null,"":null,"":null},
{"Back to Contents":"Apr-2000","Data 1: U.S. Natural Gas Prices":2.86,"":2.86,"":2.85,"":2.9,"":3.37,"":null,"":null,"":3.72,"":7.19,"":null,"":6.03,"":62.3,"":null,"":null,"":null,"":null},
{"Back to Contents":"May-2000","Data 1: U.S. Natural Gas Prices":3.04,"":3.05,"":3.05,"":3.06,"":3.52,"":null,"":null,"":4.15,"":8.26,"":null,"":5.97,"":60.9,"":null,"":null,"":null,"":null},
{"Back to Contents":"Jun-2000","Data 1: U.S. Natural Gas Prices":3.77,"":3.87,"":3.89,"":3.49,"":4.27,"":null,"":null,"":5.19,"":9.5,"":null,"":6.49,"":58,"":null,"":null,"":null,"":null},
{"Back to Contents":"Jul-2000","Data 1: U.S. Natural Gas Prices":3.84,"":3.94,"":3.99,"":3.51,"":4.45,"":null,"":null,"":5.2,"":10.32,"":null,"":6.55,"":57,"":null,"":null,"":null,"":null},
{"Back to Contents":"Aug-2000","Data 1: U.S. Natural Gas Prices":3.73,"":3.62,"":3.65,"":3.29,"":4.13,"":null,"":null,"":4.63,"":10.37,"":null,"":6.08,"":59.2,"":null,"":null,"":null,"":null},
{"Back to Contents":"Sep-2000","Data 1: U.S. Natural Gas Prices":4.26,"":4.15,"":4.19,"":3.7,"":4.81,"":null,"":null,"":5.21,"":10.1,"":null,"":6.92,"":57.5,"":null,"":null,"":null,"":null},
{"Back to Contents":"Oct-2000","Data 1: U.S. Natural Gas Prices":4.58,"":5.16,"":5.27,"":3.96,"":5.04,"":null,"":null,"":5.66,"":9.44,"":null,"":7.48,"":59.8,"":null,"":null,"":null,"":null},
{"Back to Contents":"Nov-2000","Data 1: U.S. Natural Gas Prices":4.4,"":4.86,"":4.94,"":3.61,"":4.39,"":null,"":null,"":5.2,"":8.58,"":null,"":7.57,"":63.9,"":null,"":null,"":null,"":null},
{"Back to Contents":"Dec-2000","Data 1: U.S. Natural Gas Prices":5.77,"":7.35,"":7.48,"":4.77,"":5.65,"":null,"":null,"":6.64,"":8.56,"":null,"":8.2,"":68.3,"":null,"":null,"":null,"":null},
{"Back to Contents":"Jan-2001","Data 1: U.S. Natural Gas Prices":6.82,"":9.47,"":9.61,"":6.72,"":7.48,"":8.26,"":4.69,"":8.91,"":10.12,"":null,"":9.5,"":72.9,"":8.84,"":23.5,"":null,"":null},
{"Back to Contents":"Feb-2001","Data 1: U.S. Natural Gas Prices":5.08,"":6.45,"":6.49,"":5.86,"":5.8,"":5.97,"":4.74,"":7.08,"":10.26,"":null,"":9.8,"":71.8,"":7.21,"":23.2,"":null,"":null},
{"Back to Contents":"Mar-2001","Data 1: U.S. Natural Gas Prices":4.37,"":5.42,"":5.42,"":5.42,"":4.93,"":4.97,"":4.71,"":6.1,"":9.85,"":null,"":9.14,"":69.2,"":6.3,"":22,"":null,"":null},
{"Back to Contents":"Apr-2001","Data 1: U.S. Natural Gas Prices":4.52,"":5.35,"":5.4,"":4.72,"":5.65,"":6.09,"":4.26,"":6.3,"":10.16,"":null,"":9.01,"":66.5,"":6.08,"":21,"":null,"":null},
{"Back to Contents":"May-2001","Data 1: U.S. Natural Gas Prices":4.36,"":4.95,"":5.01,"":4.29,"":5.5,"":5.81,"":4.23,"":5.77,"":11.14,"":null,"":9.19,"":61,"":5.46,"":19.5,"":null,"":null},
{"Back to Contents":"Jun-2001","Data 1: U.S. Natural Gas Prices":3.79,"":3.94,"":3.91,"":4.19,"":4.64,"":4.71,"":4.29,"":5.38,"":11.58,"":null,"":8.5,"":59.6,"":4.75,"":19.2,"":null,"":null},
{"Back to Contents":"Jul-2001","Data 1: U.S. Natural Gas Prices":3.35,"":3.17,"":3.12,"":3.87,"":3.62,"":3.48,"":4.28,"":4.03,"":11.22,"":null,"":7.9,"":54.6,"":4.1,"":20.2,"":null,"":null},
{"Back to Contents":"Aug-2001","Data 1: U.S. Natural Gas Prices":3.33,"":3.14,"":3.11,"":3.51,"":3.48,"":3.28,"":4.3,"":4.32,"":10.89,"":null,"":7.61,"":53.9,"":3.99,"":19.6,"":null,"":null},
{"Back to Contents":"Sep-2001","Data 1: U.S. Natural Gas Prices":2.93,"":2.63,"":2.58,"":3.35,"":2.79,"":2.45,"":4.4,"":3.66,"":10.17,"":null,"":6.96,"":54,"":3.5,"":19.8,"":null,"":null},
{"Back to Contents":"Oct-2001","Data 1: U.S. Natural Gas Prices":2.78,"":2.14,"":2.13,"":2.24,"":2.74,"":2.26,"":4.41,"":3.37,"":8.24,"":null,"":6.39,"":60.1,"":3.18,"":20.3,"":null,"":null},
{"Back to Contents":"Nov-2001","Data 1: U.S. Natural Gas Prices":3.41,"":2.95,"":2.95,"":2.89,"":3.21,"":3.04,"":4.3,"":4.02,"":7.98,"":null,"":6.79,"":65,"":3.88,"":20.2,"":null,"":null},
{"Back to Contents":"Dec-2001","Data 1: U.S. Natural Gas Prices":3.42,"":2.68,"":2.67,"":2.95,"":2.76,"":2.52,"":4.3,"":3.9,"":7.3,"":null,"":6.35,"":68.1,"":3.69,"":20.7,"":null,"":null},
{"Back to Contents":"Jan-2002","Data 1: U.S. Natural Gas Prices":2.5,"":2.73,"":2.71,"":3.7,"":2.9,"":2.63,"":4.27,"":3.79,"":7.38,"":98.3,"":6.51,"":79.8,"":4.05,"":20.3,"":3.1,"":null},
{"Back to Contents":"Feb-2002","Data 1: U.S. Natural Gas Prices":2.19,"":2.32,"":2.3,"":2.97,"":2.42,"":2.19,"":4.04,"":3.76,"":7.23,"":98.5,"":6.4,"":80.7,"":3.7,"":20.5,"":2.86,"":null},
{"Back to Contents":"Mar-2002","Data 1: U.S. Natural Gas Prices":2.4,"":2.61,"":2.61,"":2.65,"":2.75,"":2.58,"":3.74,"":3.84,"":7.1,"":98.4,"":6.28,"":81.5,"":3.78,"":20.2,"":3.37,"":null},
{"Back to Contents":"Apr-2002","Data 1: U.S. Natural Gas Prices":2.94,"":3.27,"":3.28,"":3.07,"":3.51,"":3.47,"":3.68,"":4.21,"":7.66,"":98.1,"":6.56,"":76.8,"":3.64,"":26.3,"":3.8,"":null},
{"Back to Contents":"May-2002","Data 1: U.S. Natural Gas Prices":2.94,"":3.25,"":3.25,"":3.33,"":3.32,"":3.29,"":3.79,"":4.07,"":8.54,"":97.6,"":6.68,"":73,"":4.07,"":23.9,"":3.78,"":null},
{"Back to Contents":"Jun-2002","Data 1: U.S. Natural Gas Prices":2.96,"":3.08,"":3.05,"":3.38,"":3.27,"":3.18,"":3.85,"":4.15,"":9.58,"":97.9,"":6.8,"":73.2,"":3.86,"":25.5,"":3.61,"":null},
{"Back to Contents":"Jul-2002","Data 1: U.S. Natural Gas Prices":2.92,"":2.84,"":2.81,"":3.33,"":3.31,"":3.2,"":4.09,"":3.95,"":10.31,"":97.5,"":6.62,"":71.2,"":3.8,"":24,"":3.49,"":null},
{"Back to Contents":"Aug-2002","Data 1: U.S. Natural Gas Prices":2.76,"":2.7,"":2.67,"":3.14,"":2.99,"":2.82,"":4.26,"":3.67,"":10.44,"":98,"":6.45,"":71.6,"":3.62,"":22.5,"":3.42,"":null},
{"Back to Contents":"Sep-2002","Data 1: U.S. Natural Gas Prices":2.97,"":3.06,"":3.04,"":3.32,"":3.37,"":3.24,"":4.3,"":3.99,"":10.23,"":97.5,"":6.54,"":69.5,"":3.89,"":22.5,"":3.71,"":null},
{"Back to Contents":"Oct-2002","Data 1: U.S. Natural Gas Prices":3.24,"":3.56,"":3.58,"":3.39,"":3.72,"":3.64,"":4.28,"":4.32,"":8.61,"":96.7,"":6.64,"":73.2,"":4.18,"":21.7,"":4.19,"":null},
{"Back to Contents":"Nov-2002","Data 1: U.S. Natural Gas Prices":3.59,"":4.04,"":4.05,"":3.84,"":4.21,"":4.2,"":4.3,"":4.65,"":7.99,"":97.2,"":6.89,"":78.7,"":4.72,"":21.8,"":4.35,"":null},
{"Back to Contents":"Dec-2002","Data 1: U.S. Natural Gas Prices":3.96,"":4.2,"":4.19,"":4.35,"":4.3,"":4.3,"":4.34,"":4.74,"":7.87,"":97.5,"":7.16,"":79.6,"":4.92,"":23.1,"":4.72,"":null},
{"Back to Contents":"Jan-2003","Data 1: U.S. Natural Gas Prices":4.43,"":4.89,"":4.9,"":4.69,"":5.61,"":5.74,"":4.43,"":5.28,"":8.18,"":97.3,"":7.48,"":79.9,"":5.65,"":21.4,"":5.33,"":null},
{"Back to Contents":"Feb-2003","Data 1: U.S. Natural Gas Prices":5.05,"":5.71,"":5.77,"":4.83,"":6.46,"":6.68,"":4.44,"":5.83,"":8.58,"":97.6,"":7.98,"":80.7,"":6.4,"":22.1,"":6.47,"":null},
{"Back to Contents":"Mar-2003","Data 1: U.S. Natural Gas Prices":6.96,"":7.61,"":7.84,"":5.41,"":8.47,"":8.97,"":4.3,"":7.63,"":9.77,"":97.4,"":9.2,"":80.8,"":8.27,"":21.3,"":7.05,"":null},
{"Back to Contents":"Apr-2003","Data 1: U.S. Natural Gas Prices":4.47,"":5,"":4.95,"":5.4,"":5.22,"":5.33,"":4.44,"":5.6,"":10.18,"":97.6,"":8.97,"":77.9,"":5.96,"":20.9,"":5.38,"":null},
{"Back to Contents":"May-2003","Data 1: U.S. Natural Gas Prices":4.77,"":5.04,"":5.08,"":4.79,"":5.51,"":5.59,"":4.62,"":5.69,"":10.79,"":97.6,"":8.71,"":74.2,"":5.78,"":20.3,"":5.7,"":null},
{"Back to Contents":"Jun-2003","Data 1: U.S. Natural Gas Prices":5.41,"":5.53,"":5.62,"":5.02,"":5.94,"":6.03,"":4.76,"":6.4,"":12.08,"":97.9,"":9,"":74.7,"":6.59,"":19.1,"":6.08,"":null},
{"Back to Contents":"Jul-2003","Data 1: U.S. Natural Gas Prices":5.08,"":5.11,"":5.08,"":5.27,"":5.31,"":5.4,"":4.67,"":5.83,"":12.75,"":97.7,"":8.73,"":72.4,"":5.69,"":24.7,"":5.45,"":null},
{"Back to Contents":"Aug-2003","Data 1: U.S. Natural Gas Prices":4.46,"":4.54,"":4.56,"":4.4,"":4.9,"":4.95,"":4.43,"":5.48,"":12.84,"":97.8,"":8.4,"":74.5,"":5.28,"":22.9,"":5.23,"":null},
{"Back to Contents":"Sep-2003","Data 1: U.S. Natural Gas Prices":4.59,"":4.67,"":4.69,"":4.6,"":4.95,"":5.02,"":4.4,"":5.58,"":12.31,"":97.6,"":8.41,"":73.5,"":5.32,"":22.9,"":5.12,"":null},
{"Back to Contents":"Oct-2003","Data 1: U.S. Natural Gas Prices":4.32,"":4.48,"":4.52,"":4.31,"":4.63,"":4.67,"":4.4,"":5.33,"":10.64,"":96.9,"":8.28,"":74.6,"":4.93,"":23.3,"":4.98,"":null},
{"Back to Contents":"Nov-2003","Data 1: U.S. Natural Gas Prices":4.26,"":4.51,"":4.54,"":4.34,"":4.67,"":4.69,"":4.45,"":5.54,"":9.77,"":97.3,"":8.36,"":78,"":5.19,"":22.7,"":4.85,"":null},
{"Back to Contents":"Dec-2003","Data 1: U.S. Natural Gas Prices":4.76,"":5.08,"":5.12,"":4.78,"":5.32,"":5.39,"":4.51,"":5.89,"":9.51,"":97.5,"":8.62,"":80.5,"":5.9,"":23.5,"":5.69,"":null},
{"Back to Contents":"Jan-2004","Data 1: U.S. Natural Gas Prices":5.21,"":5.98,"":6.02,"":5.71,"":6.02,"":6.15,"":4.42,"":6.41,"":9.71,"":97.6,"":9.06,"":81.6,"":6.72,"":23.1,"":6.37,"":null},
{"Back to Contents":"Feb-2004","Data 1: U.S. Natural Gas Prices":5.02,"":5.67,"":5.65,"":5.78,"":5.71,"":5.81,"":4.53,"":6.35,"":9.85,"":97.9,"":9.1,"":81.7,"":6.52,"":23.6,"":5.76,"":null},
{"Back to Contents":"Mar-2004","Data 1: U.S. Natural Gas Prices":5.12,"":5.15,"":5.13,"":5.23,"":5.35,"":5.4,"":4.6,"":6.23,"":10.03,"":97.6,"":9.05,"":79.2,"":5.97,"":22.8,"":5.5,"":null},
{"Back to Contents":"Apr-2004","Data 1: U.S. Natural Gas Prices":5.03,"":5.21,"":5.2,"":5.25,"":5.57,"":5.65,"":4.79,"":6.31,"":10.54,"":97.9,"":9.02,"":77.7,"":6.06,"":23.3,"":5.74,"":null},
{"Back to Contents":"May-2004","Data 1: U.S. Natural Gas Prices":5.4,"":5.63,"":5.63,"":5.62,"":6.12,"":6.16,"":4.89,"":6.48,"":11.63,"":97.4,"":9.23,"":73.8,"":6.34,"":23.4,"":6.3,"":null},
{"Back to Contents":"Jun-2004","Data 1: U.S. Natural Gas Prices":5.82,"":6.06,"":6.05,"":6.15,"":6.48,"":6.58,"":4.83,"":6.94,"":13.08,"":98.1,"":9.71,"":72.2,"":6.82,"":25,"":6.52,"":null},
{"Back to Contents":"Jul-2004","Data 1: U.S. Natural Gas Prices":5.62,"":5.75,"":5.76,"":5.71,"":6.09,"":6.19,"":4.98,"":6.68,"":13.54,"":98.1,"":9.65,"":71.7,"":6.41,"":24.9,"":6.24,"":null},
{"Back to Contents":"Aug-2004","Data 1: U.S. Natural Gas Prices":5.52,"":5.62,"":5.6,"":5.68,"":5.86,"":5.94,"":5.05,"":6.51,"":13.74,"":98,"":9.66,"":71,"":6.36,"":24,"":5.97,"":null},
{"Back to Contents":"Sep-2004","Data 1: U.S. Natural Gas Prices":5.06,"":4.96,"":4.94,"":5.05,"":5.47,"":5.49,"":5.24,"":6.06,"":13.31,"":97.8,"":9.26,"":71.4,"":5.68,"":22.8,"":5.39,"":null},
{"Back to Contents":"Oct-2004","Data 1: U.S. Natural Gas Prices":5.43,"":5.38,"":5.37,"":5.42,"":5.77,"":5.83,"":5.24,"":6.3,"":11.69,"":97.7,"":9.17,"":73.3,"":6.03,"":22.6,"":6.05,"":null},
{"Back to Contents":"Nov-2004","Data 1: U.S. Natural Gas Prices":6.21,"":6.98,"":6.98,"":6.96,"":7.17,"":7.3,"":5.32,"":7.5,"":11.44,"":97.6,"":10.21,"":78,"":7.64,"":23.5,"":6.71,"":null},
{"Back to Contents":"Dec-2004","Data 1: U.S. Natural Gas Prices":6.01,"":6.96,"":6.91,"":7.18,"":7.22,"":7.35,"":5.4,"":7.49,"":11.09,"":97.8,"":10.42,"":80.3,"":7.54,"":24.5,"":6.88,"":null},
{"Back to Contents":"Jan-2005","Data 1: U.S. Natural Gas Prices":5.8,"":6.3,"":6.3,"":6.29,"":6.2,"":6.26,"":5.27,"":7.05,"":10.9,"":98.1,"":10.02,"":84.8,"":7.06,"":24.8,"":6.72,"":null},
{"Back to Contents":"Feb-2005","Data 1: U.S. Natural Gas Prices":5.73,"":6.14,"":6.11,"":6.34,"":6.21,"":6.26,"":5.4,"":7.09,"":10.87,"":98.3,"":9.83,"":85,"":7.15,"":24.3,"":6.42,"":null},
{"Back to Contents":"Mar-2005","Data 1: U.S. Natural Gas Prices":5.95,"":6.24,"":6.25,"":6.17,"":6.59,"":6.67,"":5.26,"":7.24,"":10.84,"":98.2,"":9.91,"":84.4,"":7.12,"":24.6,"":6.84,"":null},
{"Back to Contents":"Apr-2005","Data 1: U.S. Natural Gas Prices":6.57,"":6.92,"":6.93,"":6.91,"":7.06,"":7.27,"":5.19,"":7.79,"":11.88,"":98.3,"":10.25,"":82.5,"":7.71,"":23.9,"":7.27,"":null},
{"Back to Contents":"May-2005","Data 1: U.S. Natural Gas Prices":6.25,"":6.58,"":6.56,"":6.67,"":6.75,"":6.84,"":5.38,"":7.51,"":12.74,"":98.1,"":10.35,"":79.4,"":7.19,"":24.2,"":6.83,"":null},
{"Back to Contents":"Jun-2005","Data 1: U.S. Natural Gas Prices":6.09,"":6.35,"":6.34,"":6.37,"":6.6,"":6.68,"":5.49,"":7.3,"":13.79,"":98.2,"":10.22,"":78.2,"":6.91,"":23.7,"":7.08,"":null},
{"Back to Contents":"Jul-2005","Data 1: U.S. Natural Gas Prices":6.71,"":6.82,"":6.82,"":6.88,"":7.09,"":7.27,"":5.89,"":7.68,"":14.86,"":98.5,"":10.58,"":75.6,"":7.4,"":24.5,"":7.57,"":null},
{"Back to Contents":"Aug-2005","Data 1: U.S. Natural Gas Prices":6.48,"":7.5,"":7.51,"":7.43,"":7.93,"":8.15,"":6.08,"":8.2,"":15.51,"":98.4,"":11.01,"":76.2,"":7.98,"":24.6,"":8.67,"":null},
{"Back to Contents":"Sep-2005","Data 1: U.S. Natural Gas Prices":8.95,"":9.96,"":9.97,"":9.88,"":9.71,"":10.26,"":5.97,"":10.26,"":16.56,"":98.1,"":12.59,"":74.8,"":10.18,"":23.2,"":10.99,"":null},
{"Back to Contents":"Oct-2005","Data 1: U.S. Natural Gas Prices":10.33,"":11.99,"":11.95,"":12.17,"":11.06,"":11.82,"":6.24,"":12.16,"":16.44,"":97.8,"":14.29,"":78.9,"":12.06,"":23.2,"":11.84,"":null},
{"Back to Contents":"Nov-2005","Data 1: U.S. Natural Gas Prices":9.89,"":11.31,"":11.07,"":12.54,"":10.34,"":10.9,"":6.4,"":11.57,"":15.64,"":97.6,"":14.76,"":81.3,"":12.11,"":23.4,"":9.87,"":null},
{"Back to Contents":"Dec-2005","Data 1: U.S. Natural Gas Prices":9.08,"":10.91,"":10.98,"":10.47,"":10.59,"":11.14,"":6.68,"":10.77,"":14.6,"":98.1,"":14.01,"":84,"":11.17,"":23.7,"":11.26,"":null},
{"Back to Contents":"Jan-2006","Data 1: U.S. Natural Gas Prices":8.01,"":10.11,"":10.05,"":10.57,"":9.52,"":9.93,"":5.9,"":10.8,"":14.92,"":98.3,"":14.16,"":84,"":10.85,"":23.7,"":9.15,"":null},
{"Back to Contents":"Feb-2006","Data 1: U.S. Natural Gas Prices":6.85,"":7.96,"":7.89,"":8.47,"":7.71,"":7.91,"":5.81,"":9.34,"":13.98,"":98.1,"":12.95,"":84.2,"":9.38,"":23.7,"":8,"":null},
{"Back to Contents":"Mar-2006","Data 1: U.S. Natural Gas Prices":6.43,"":7,"":6.94,"":7.55,"":6.79,"":6.88,"":5.69,"":8.81,"":13.17,"":98.2,"":12.07,"":84,"":8.24,"":23.8,"":7.36,"":null},
{"Back to Contents":"Apr-2006","Data 1: U.S. Natural Gas Prices":6.37,"":6.73,"":6.64,"":7.16,"":6.72,"":6.85,"":5.76,"":8.29,"":13.27,"":98.1,"":11.57,"":80.9,"":7.93,"":23.5,"":7.32,"":null},
{"Back to Contents":"May-2006","Data 1: U.S. Natural Gas Prices":6.23,"":6.53,"":6.39,"":7.09,"":6.5,"":6.56,"":5.95,"":7.99,"":14.41,"":98,"":11.61,"":78.5,"":7.63,"":23.8,"":6.89,"":null},
{"Back to Contents":"Jun-2006","Data 1: U.S. Natural Gas Prices":5.77,"":5.83,"":5.79,"":6.02,"":6,"":6.01,"":5.94,"":7.39,"":15.07,"":98.2,"":11.09,"":75.8,"":6.92,"":23.3,"":6.69,"":null},
{"Back to Contents":"Jul-2006","Data 1: U.S. Natural Gas Prices":5.91,"":5.95,"":5.92,"":6.12,"":6.02,"":6,"":5.95,"":7.4,"":15.72,"":98.3,"":10.98,"":74.4,"":6.78,"":23.6,"":6.69,"":null},
{"Back to Contents":"Aug-2006","Data 1: U.S. Natural Gas Prices":6.55,"":6.74,"":6.69,"":7.03,"":6.98,"":7.04,"":6.17,"":8.1,"":16.18,"":98.2,"":11.2,"":72.5,"":7.36,"":23.7,"":7.56,"":null},
{"Back to Contents":"Sep-2006","Data 1: U.S. Natural Gas Prices":6.06,"":5.83,"":5.71,"":6.72,"":5.9,"":5.82,"":6.22,"":7.68,"":15.71,"":98.1,"":11.16,"":74.6,"":7.21,"":22,"":6.27,"":null},
{"Back to Contents":"Oct-2006","Data 1: U.S. Natural Gas Prices":5.09,"":4.88,"":4.82,"":5.4,"":5.06,"":4.99,"":6.28,"":6.42,"":12.51,"":97.6,"":10.05,"":77.3,"":5.62,"":22.9,"":5.76,"":null},
{"Back to Contents":"Nov-2006","Data 1: U.S. Natural Gas Prices":6.71,"":7.24,"":7.21,"":7.42,"":7.21,"":7.26,"":6.45,"":8.47,"":12.45,"":97.8,"":11.05,"":80.3,"":7.74,"":23,"":7.48,"":null},
{"Back to Contents":"Dec-2006","Data 1: U.S. Natural Gas Prices":6.76,"":7.6,"":7.57,"":7.81,"":7.57,"":7.64,"":6.44,"":8.66,"":12.53,"":98,"":11.61,"":82.6,"":8.23,"":23.4,"":7.57,"":null},
{"Back to Contents":"Jan-2007","Data 1: U.S. Natural Gas Prices":5.7,"":6.5,"":6.52,"":6.38,"":6.58,"":6.62,"":6.08,"":7.88,"":12.17,"":98.2,"":11.18,"":83.2,"":7.36,"":22.7,"":7.08,"":null},
{"Back to Contents":"Feb-2007","Data 1: U.S. Natural Gas Prices":6.8,"":7.39,"":7.37,"":7.54,"":7.35,"":7.49,"":5.91,"":8.57,"":12.13,"":98.1,"":11.22,"":84,"":8.25,"":23,"":8.18,"":null},
{"Back to Contents":"Mar-2007","Data 1: U.S. Natural Gas Prices":6.65,"":7.45,"":7.43,"":7.53,"":7.33,"":7.42,"":5.85,"":8.79,"":12.81,"":98.1,"":11.79,"":83.5,"":8.42,"":22.4,"":7.64,"":null},
{"Back to Contents":"Apr-2007","Data 1: U.S. Natural Gas Prices":6.26,"":7.24,"":7.24,"":7.22,"":7.41,"":7.53,"":5.86,"":8.2,"":13.31,"":98,"":11.5,"":81.2,"":8.14,"":22.3,"":7.77,"":null},
{"Back to Contents":"May-2007","Data 1: U.S. Natural Gas Prices":6.75,"":7.45,"":7.42,"":7.52,"":7.47,"":7.58,"":5.65,"":8.41,"":14.69,"":98.1,"":11.51,"":77.9,"":8.11,"":23.2,"":7.96,"":null},
{"Back to Contents":"Jun-2007","Data 1: U.S. Natural Gas Prices":6.62,"":7.32,"":7.3,"":7.41,"":7.31,"":7.41,"":5.73,"":8.45,"":16.28,"":98.3,"":11.81,"":76.2,"":7.92,"":23.8,"":7.8,"":null},
{"Back to Contents":"Jul-2007","Data 1: U.S. Natural Gas Prices":6.21,"":6.56,"":6.45,"":6.92,"":6.47,"":6.51,"":5.87,"":8.02,"":16.71,"":98.3,"":11.63,"":74.3,"":7.51,"":22.1,"":7.03,"":null},
{"Back to Contents":"Aug-2007","Data 1: U.S. Natural Gas Prices":5.76,"":6,"":5.92,"":6.29,"":6.1,"":6.1,"":6.06,"":7.6,"":16.71,"":98.2,"":11.19,"":72.5,"":6.72,"":22.3,"":6.83,"":null},
{"Back to Contents":"Sep-2007","Data 1: U.S. Natural Gas Prices":5.3,"":5.49,"":5.46,"":5.71,"":5.83,"":5.81,"":6.14,"":7,"":16.03,"":98.1,"":10.92,"":72.3,"":6.28,"":21.2,"":6.33,"":null},
{"Back to Contents":"Oct-2007","Data 1: U.S. Natural Gas Prices":5.78,"":6.35,"":6.31,"":6.84,"":6.61,"":6.45,"":9.34,"":7.43,"":14.57,"":97.8,"":10.93,"":74.7,"":7.06,"":21.3,"":7,"":null},
{"Back to Contents":"Nov-2007","Data 1: U.S. Natural Gas Prices":6.46,"":7.21,"":7.15,"":7.88,"":7.05,"":7.08,"":6.33,"":8.14,"":13.04,"":97.7,"":11.23,"":79.6,"":7.87,"":20.8,"":7.28,"":null},
{"Back to Contents":"Dec-2007","Data 1: U.S. Natural Gas Prices":6.87,"":7.51,"":7.49,"":7.86,"":7.36,"":7.41,"":6.28,"":8.27,"":12.34,"":98,"":11.24,"":82.3,"":8.18,"":21.4,"":7.93,"":null},
{"Back to Contents":"Jan-2008","Data 1: U.S. Natural Gas Prices":7.38,"":7.66,"":7.57,"":8.42,"":7.7,"":7.73,"":6.6,"":8.37,"":12.24,"":97.8,"":11.2,"":82.6,"":8.29,"":20.5,"":8.52,"":null},
{"Back to Contents":"Feb-2008","Data 1: U.S. Natural Gas Prices":8.02,"":8.34,"":8.24,"":9.37,"":8.36,"":8.4,"":6.9,"":8.91,"":12.58,"":97.6,"":11.49,"":82.3,"":8.96,"":20.5,"":8.87,"":null},
{"Back to Contents":"Mar-2008","Data 1: U.S. Natural Gas Prices":8.63,"":9.03,"":8.98,"":9.41,"":9.33,"":9.4,"":7.09,"":9.49,"":13.13,"":97.6,"":12.03,"":82.3,"":9.61,"":21.4,"":9.53,"":null},
{"Back to Contents":"Apr-2008","Data 1: U.S. Natural Gas Prices":8.87,"":9.61,"":9.55,"":9.85,"":9.94,"":10.05,"":7.09,"":9.84,"":14.49,"":97.4,"":12.63,"":79.7,"":10.03,"":21.9,"":10.19,"":null},
{"Back to Contents":"May-2008","Data 1: U.S. Natural Gas Prices":9.96,"":10.8,"":10.68,"":11.33,"":10.93,"":11.13,"":7.21,"":11.05,"":16.33,"":97.3,"":13.51,"":76.6,"":11.35,"":21.3,"":10.97,"":null},
{"Back to Contents":"Jun-2008","Data 1: U.S. Natural Gas Prices":10.36,"":11.71,"":11.57,"":12.34,"":11.58,"":11.86,"":7.38,"":11.85,"":18.91,"":97.1,"":14.68,"":76.3,"":12.11,"":20.8,"":12.41,"":null},
{"Back to Contents":"Jul-2008","Data 1: U.S. Natural Gas Prices":10.79,"":11.78,"":11.6,"":12.99,"":11.9,"":12.16,"":7.49,"":12.48,"":20.77,"":97.1,"":15.64,"":73.4,"":13.06,"":20.7,"":11.71,"":null},
{"Back to Contents":"Aug-2008","Data 1: U.S. Natural Gas Prices":8.21,"":8.67,"":8.46,"":10.25,"":8.69,"":8.74,"":7.97,"":10.2,"":20.17,"":97,"":14.19,"":72.2,"":10.1,"":20.4,"":8.97,"":null},
{"Back to Contents":"Sep-2008","Data 1: U.S. Natural Gas Prices":6.71,"":7.54,"":7.34,"":9.06,"":7.45,"":7.38,"":8.56,"":8.99,"":18.41,"":97,"":13.12,"":72.5,"":9.13,"":19.1,"":7.81,"":null},
{"Back to Contents":"Oct-2008","Data 1: U.S. Natural Gas Prices":5.64,"":6.87,"":6.68,"":9.16,"":6.54,"":6.44,"":8.72,"":7.8,"":15.45,"":96.9,"":12.06,"":75.3,"":8.1,"":18.9,"":6.74,"":null},
{"Back to Contents":"Nov-2008","Data 1: U.S. Natural Gas Prices":5.23,"":6.54,"":6.46,"":8.09,"":6.28,"":6.19,"":8.87,"":7.93,"":13.8,"":97.3,"":11.72,"":79.4,"":7.34,"":19.6,"":6.64,"":null},
{"Back to Contents":"Dec-2008","Data 1: U.S. Natural Gas Prices":5.94,"":6.74,"":6.6,"":8.86,"":6.59,"":6.55,"":8.27,"":8.16,"":12.84,"":97.5,"":11.61,"":81.9,"":7.86,"":19.8,"":6.9,"":null},
{"Back to Contents":"Jan-2009","Data 1: U.S. Natural Gas Prices":4.6,"":6.18,"":6.07,"":7.63,"":5.98,"":5.96,"":7.54,"":7.97,"":12.49,"":97.6,"":11.28,"":82.4,"":7.5,"":20.1,"":6.62,"":null},
{"Back to Contents":"Feb-2009","Data 1: U.S. Natural Gas Prices":3.7,"":5.21,"":5.07,"":6.82,"":4.92,"":4.9,"":6,"":7.26,"":12.26,"":97.7,"":10.98,"":81.1,"":6.43,"":19.9,"":5.62,"":null},
{"Back to Contents":"Mar-2009","Data 1: U.S. Natural Gas Prices":3.38,"":4.34,"":4.13,"":6.34,"":4.29,"":4.23,"":6.42,"":6.85,"":11.98,"":97.4,"":10.46,"":80.8,"":5.69,"":19.4,"":4.92,"":null},
{"Back to Contents":"Apr-2009","Data 1: U.S. Natural Gas Prices":3.18,"":3.67,"":3.57,"":4.2,"":3.88,"":3.79,"":7.33,"":5.71,"":11.68,"":97.2,"":9.7,"":77.7,"":5.05,"":18.6,"":4.7,"":null},
{"Back to Contents":"May-2009","Data 1: U.S. Natural Gas Prices":3.23,"":3.48,"":3.4,"":3.88,"":3.85,"":3.76,"":7.2,"":5.49,"":12.86,"":97.2,"":9.42,"":74.4,"":4.4,"":19,"":4.7,"":null},
{"Back to Contents":"Jun-2009","Data 1: U.S. Natural Gas Prices":3.38,"":3.51,"":3.43,"":3.89,"":3.9,"":3.79,"":7.65,"":5.55,"":14.26,"":96.8,"":9.53,"":73.3,"":4.56,"":18.7,"":4.62,"":null},
{"Back to Contents":"Jul-2009","Data 1: U.S. Natural Gas Prices":3.45,"":3.5,"":3.39,"":4.21,"":3.97,"":3.75,"":8,"":5.7,"":15.27,"":96.9,"":9.74,"":70.5,"":4.68,"":18.6,"":4.47,"":null},
{"Back to Contents":"Aug-2009","Data 1: U.S. Natural Gas Prices":3.37,"":3.29,"":3.22,"":3.94,"":3.58,"":3.46,"":8.36,"":5.61,"":15.61,"":96.9,"":9.52,"":68.5,"":4.38,"":18.3,"":4.3,"":null},
{"Back to Contents":"Sep-2009","Data 1: U.S. Natural Gas Prices":2.98,"":2.91,"":2.86,"":3.35,"":3.43,"":3.1,"":10.2,"":5.37,"":14.8,"":96.6,"":9.35,"":69.3,"":3.89,"":18,"":4.02,"":null},
{"Back to Contents":"Oct-2009","Data 1: U.S. Natural Gas Prices":3.83,"":3.92,"":3.91,"":3.95,"":4.29,"":4.12,"":10.97,"":5.65,"":11.78,"":96.8,"":8.93,"":73.3,"":4.82,"":17.9,"":5.04,"":null},
{"Back to Contents":"Nov-2009","Data 1: U.S. Natural Gas Prices":4.2,"":4.4,"":4.42,"":4.25,"":4.53,"":4.4,"":10.69,"":6.34,"":11.48,"":97.2,"":9.45,"":75.8,"":5.44,"":17.8,"":5.06,"":null},
{"Back to Contents":"Dec-2009","Data 1: U.S. Natural Gas Prices":4.66,"":5.23,"":5.3,"":4.63,"":5.63,"":5.42,"":9.18,"":6.22,"":10.42,"":97.6,"":9.1,"":80.1,"":5.97,"":18.9,"":6.24,"":null},
{"Back to Contents":"Jan-2010","Data 1: U.S. Natural Gas Prices":5.69,"":5.95,"":5.98,"":5.78,"":6.35,"":6.24,"":11.68,"":6.84,"":10.56,"":97.7,"":9.65,"":81.2,"":6.93,"":18.3,"":6.98,"":null},
{"Back to Contents":"Feb-2010","Data 1: U.S. Natural Gas Prices":5.3,"":5.62,"":5.63,"":5.74,"":5.87,"":5.74,"":7.97,"":6.64,"":10.69,"":97.8,"":9.71,"":81.7,"":6.76,"":17.8,"":6.27,"":null},
{"Back to Contents":"Mar-2010","Data 1: U.S. Natural Gas Prices":4.7,"":4.87,"":4.91,"":4.87,"":5.1,"":4.95,"":12.36,"":6.5,"":10.99,"":97.6,"":9.7,"":79.7,"":6.01,"":17.6,"":5.47,"":null},
{"Back to Contents":"Apr-2010","Data 1: U.S. Natural Gas Prices":4.1,"":4.13,"":4.13,"":4.25,"":4.76,"":4.36,"":12.21,"":5.88,"":11.97,"":96.2,"":9.57,"":75.7,"":5.12,"":17,"":4.91,"":null},
{"Back to Contents":"May-2010","Data 1: U.S. Natural Gas Prices":4.24,"":4.13,"":4.1,"":4.24,"":4.68,"":4.51,"":11.94,"":5.81,"":13.12,"":97.1,"":9.5,"":73,"":5.08,"":17.1,"":4.96,"":null},
{"Back to Contents":"Jun-2010","Data 1: U.S. Natural Gas Prices":4.27,"":4.23,"":4.21,"":4.2,"":4.98,"":4.79,"":8.27,"":6.02,"":14.86,"":96.9,"":9.72,"":71.9,"":5.04,"":17.3,"":5.31,"":null},
{"Back to Contents":"Jul-2010","Data 1: U.S. Natural Gas Prices":4.44,"":4.4,"":4.33,"":4.8,"":5.25,"":4.9,"":12.83,"":6.31,"":16.21,"":96.8,"":10.04,"":70.6,"":5.49,"":17.5,"":5.34,"":null},
{"Back to Contents":"Aug-2010","Data 1: U.S. Natural Gas Prices":4.38,"":4.13,"":4.04,"":4.93,"":4.89,"":4.69,"":13.19,"":6.22,"":16.65,"":96.5,"":9.94,"":69.8,"":5.37,"":17,"":5.06,"":null},
{"Back to Contents":"Sep-2010","Data 1: U.S. Natural Gas Prices":3.83,"":3.76,"":3.65,"":4.6,"":4.64,"":4.16,"":9.85,"":5.72,"":15.63,"":96.7,"":9.56,"":68.5,"":4.61,"":16.7,"":4.61,"":null},
{"Back to Contents":"Oct-2010","Data 1: U.S. Natural Gas Prices":4.05,"":3.83,"":3.72,"":4.78,"":4.41,"":3.99,"":9.04,"":5.7,"":13.37,"":96.8,"":9.27,"":71.8,"":4.73,"":16.1,"":4.45,"":null},
{"Back to Contents":"Nov-2010","Data 1: U.S. Natural Gas Prices":4.12,"":3.96,"":3.85,"":5.09,"":4.42,"":4.1,"":8.18,"":5.48,"":10.89,"":97.4,"":8.86,"":77.7,"":4.6,"":16.9,"":4.55,"":null},
{"Back to Contents":"Dec-2010","Data 1: U.S. Natural Gas Prices":4.68,"":4.56,"":4.51,"":5.41,"":5.01,"":4.57,"":8.5,"":5.74,"":9.98,"":97.7,"":8.82,"":80.2,"":5.5,"":17.1,"":5.68,"":null},
{"Back to Contents":"Jan-2011","Data 1: U.S. Natural Gas Prices":4.37,"":4.66,"":4.55,"":5.56,"":5.11,"":4.74,"":8.2,"":5.69,"":9.9,"":96.5,"":8.74,"":72.8,"":5.66,"":16.8,"":5.66,"":null},
{"Back to Contents":"Feb-2011","Data 1: U.S. Natural Gas Prices":4.34,"":4.49,"":4.43,"":4.99,"":4.79,"":4.58,"":9.71,"":5.75,"":10.14,"":96.5,"":8.88,"":72,"":5.77,"":16.6,"":5.29,"":null},
{"Back to Contents":"Mar-2011","Data 1: U.S. Natural Gas Prices":3.95,"":4.24,"":4.1,"":5.35,"":4.52,"":4.31,"":10.28,"":5.73,"":10.43,"":96.2,"":8.89,"":69.6,"":5.21,"":16.6,"":4.84,"":null},
{"Back to Contents":"Apr-2011","Data 1: U.S. Natural Gas Prices":4.05,"":4.35,"":4.21,"":5.42,"":4.78,"":4.55,"":8.25,"":5.62,"":11.27,"":96,"":9.02,"":66.5,"":5.34,"":16,"":5.03,"":null},
{"Back to Contents":"May-2011","Data 1: U.S. Natural Gas Prices":4.12,"":4.31,"":4.26,"":4.63,"":4.88,"":4.62,"":8.62,"":5.8,"":12.5,"":96.2,"":9.35,"":63.9,"":5.21,"":16.3,"":5.04,"":null},
{"Back to Contents":"Jun-2011","Data 1: U.S. Natural Gas Prices":4.2,"":4.6,"":4.37,"":6.66,"":4.83,"":4.71,"":11.6,"":6.12,"":14.7,"":96.3,"":9.57,"":61.7,"":5.21,"":15.9,"":5.2,"":null},
{"Back to Contents":"Jul-2011","Data 1: U.S. Natural Gas Prices":4.27,"":4.39,"":4.3,"":5.5,"":4.82,"":4.64,"":12.72,"":6.16,"":16.14,"":96.3,"":9.58,"":60.1,"":5.05,"":16.5,"":5.13,"":null},
{"Back to Contents":"Aug-2011","Data 1: U.S. Natural Gas Prices":4.2,"":4.4,"":4.09,"":6.99,"":4.63,"":4.51,"":11.6,"":6.19,"":16.67,"":95.7,"":9.77,"":58.1,"":5.21,"":16,"":4.85,"":null},
{"Back to Contents":"Sep-2011","Data 1: U.S. Natural Gas Prices":3.82,"":3.92,"":3.87,"":4.48,"":4.87,"":4.19,"":12.76,"":5.94,"":15.63,"":95.6,"":9.46,"":57.8,"":4.84,"":15.8,"":4.71,"":null},
{"Back to Contents":"Oct-2011","Data 1: U.S. Natural Gas Prices":3.62,"":4.06,"":3.66,"":7.41,"":4.14,"":3.92,"":12.54,"":5.45,"":12.85,"":95.7,"":8.94,"":61.4,"":4.71,"":15.9,"":4.49,"":null},
{"Back to Contents":"Nov-2011","Data 1: U.S. Natural Gas Prices":3.35,"":3.58,"":3.55,"":4.2,"":4.24,"":3.8,"":15.29,"":5.29,"":10.78,"":95.2,"":8.62,"":66.1,"":4.64,"":16.2,"":4.26,"":null},
{"Back to Contents":"Dec-2011","Data 1: U.S. Natural Gas Prices":3.14,"":3.66,"":3.49,"":5.57,"":4.08,"":3.73,"":12.83,"":5.03,"":9.83,"":96.4,"":8.3,"":69.1,"":4.59,"":16.6,"":4.18,"":null},
{"Back to Contents":"Jan-2012","Data 1: U.S. Natural Gas Prices":2.89,"":3.27,"":3.22,"":4.25,"":3.66,"":3.25,"":11.83,"":4.85,"":9.67,"":95.8,"":8.06,"":71.5,"":4.59,"":16,"":3.82,"":null},
{"Back to Contents":"Feb-2012","Data 1: U.S. Natural Gas Prices":2.46,"":2.86,"":2.75,"":4.3,"":3.06,"":2.93,"":11.3,"":4.73,"":9.52,"":95.8,"":7.77,"":70.1,"":4.19,"":16.2,"":3.46,"":null},
{"Back to Contents":"Mar-2012","Data 1: U.S. Natural Gas Prices":2.25,"":2.36,"":2.31,"":2.95,"":2.74,"":2.59,"":10.67,"":4.84,"":10.45,"":95.8,"":8.16,"":68.2,"":3.71,"":15.9,"":3.09,"":null},
{"Back to Contents":"Apr-2012","Data 1: U.S. Natural Gas Prices":1.89,"":2.04,"":2.01,"":2.96,"":2.28,"":2.28,"":8.54,"":4.19,"":11.01,"":94.8,"":8,"":62.9,"":3.21,"":15.5,"":2.81,"":null},
{"Back to Contents":"May-2012","Data 1: U.S. Natural Gas Prices":1.94,"":2.29,"":2.15,"":4.37,"":2.79,"":2.5,"":16.1,"":4.3,"":12.66,"":95,"":8.12,"":59.2,"":3.02,"":15.5,"":3.05,"":null},
{"Back to Contents":"Jun-2012","Data 1: U.S. Natural Gas Prices":2.54,"":2.35,"":2.33,"":3.1,"":2.93,"":2.65,"":17.55,"":4.63,"":14.25,"":95.1,"":8.4,"":59.2,"":3.34,"":15.5,"":3.21,"":null},
{"Back to Contents":"Jul-2012","Data 1: U.S. Natural Gas Prices":2.59,"":2.78,"":2.64,"":5.15,"":3.05,"":3.05,"":8.49,"":4.88,"":15.2,"":95.1,"":8.49,"":58,"":3.6,"":16,"":3.54,"":null},
{"Back to Contents":"Aug-2012","Data 1: U.S. Natural Gas Prices":2.86,"":2.83,"":2.74,"":4.02,"":3.35,"":3.14,"":15.15,"":5.13,"":15.89,"":94.5,"":8.65,"":56,"":3.83,"":16.5,"":3.61,"":null},
{"Back to Contents":"Sep-2012","Data 1: U.S. Natural Gas Prices":2.71,"":2.67,"":2.65,"":3.17,"":3,"":3,"":8.4,"":4.76,"":14.81,"":94.4,"":8.32,"":56.5,"":3.56,"":16.4,"":3.54,"":null},
{"Back to Contents":"Oct-2012","Data 1: U.S. Natural Gas Prices":3.03,"":3.16,"":3.16,"":3.18,"":3.71,"":3.46,"":11.57,"":4.65,"":11.78,"":94.4,"":8.03,"":59.8,"":3.95,"":16.3,"":4,"":null},
{"Back to Contents":"Nov-2012","Data 1: U.S. Natural Gas Prices":3.35,"":4.03,"":3.83,"":7.21,"":3.96,"":3.96,"":8.86,"":4.79,"":10.06,"":94.7,"":8.01,"":65.1,"":4.46,"":16.8,"":4.43,"":null},
{"Back to Contents":"Dec-2012","Data 1: U.S. Natural Gas Prices":3.35,"":3.93,"":3.84,"":5.22,"":4.15,"":3.88,"":11.76,"":4.79,"":9.75,"":95.8,"":8.11,"":68.6,"":4.72,"":17.3,"":4.35,"":null},
{"Back to Contents":"Jan-2013","Data 1: U.S. Natural Gas Prices":null,"":4.14,"":3.95,"":7.86,"":3.9,"":3.9,"":10.11,"":4.52,"":9.17,"":96,"":7.81,"":70.8,"":4.58,"":17.3,"":4.56,"":null},
{"Back to Contents":"Feb-2013","Data 1: U.S. Natural Gas Prices":null,"":3.99,"":3.97,"":4.47,"":3.84,"":3.84,"":10.85,"":4.56,"":9.24,"":95.6,"":7.85,"":70.2,"":4.54,"":17.1,"":4.59,"":null},
{"Back to Contents":"Mar-2013","Data 1: U.S. Natural Gas Prices":null,"":3.84,"":3.8,"":5.03,"":4.05,"":4.05,"":10.02,"":4.75,"":9.34,"":95.5,"":7.82,"":69.3,"":4.6,"":17,"":4.5,"":null},
{"Back to Contents":"Apr-2013","Data 1: U.S. Natural Gas Prices":null,"":3.98,"":3.96,"":4.9,"":4.43,"":4.43,"":11.36,"":5.16,"":10.41,"":95.1,"":8.23,"":66.6,"":4.97,"":16.9,"":4.84,"":null},
{"Back to Contents":"May-2013","Data 1: U.S. Natural Gas Prices":null,"":3.95,"":3.93,"":4.51,"":4.38,"":4.37,"":12.84,"":5.54,"":12.61,"":95.2,"":8.77,"":63.1,"":5.03,"":16.4,"":4.79,"":null},
{"Back to Contents":"Jun-2013","Data 1: U.S. Natural Gas Prices":null,"":3.9,"":3.73,"":8.65,"":4.22,"":4.22,"":13.38,"":5.74,"":14.97,"":94.9,"":9.1,"":59.1,"":4.91,"":16.3,"":4.56,"":null},
{"Back to Contents":"Jul-2013","Data 1: U.S. Natural Gas Prices":null,"":3.41,"":3.37,"":4.59,"":3.94,"":3.93,"":12.89,"":5.53,"":16.31,"":94.8,"":9.02,"":57.6,"":4.5,"":16,"":4.34,"":null},
{"Back to Contents":"Aug-2013","Data 1: U.S. Natural Gas Prices":null,"":3.17,"":3.01,"":7.42,"":3.75,"":3.75,"":13.25,"":5.23,"":16.44,"":94.8,"":9.08,"":56.9,"":4.34,"":16.2,"":4.03,"":null},
{"Back to Contents":"Sep-2013","Data 1: U.S. Natural Gas Prices":null,"":3.49,"":3.01,"":9.96,"":3.88,"":3.88,"":13.53,"":5.2,"":15.69,"":94.9,"":8.81,"":57.2,"":4.38,"":16.6,"":4.19,"":null},
{"Back to Contents":"Oct-2013","Data 1: U.S. Natural Gas Prices":null,"":3.39,"":3.34,"":5.79,"":3.88,"":3.88,"":13.09,"":4.87,"":12.48,"":95.2,"":8.35,"":61.2,"":4.39,"":16.9,"":4.26,"":null},
{"Back to Contents":"Nov-2013","Data 1: U.S. Natural Gas Prices":null,"":3.76,"":3.76,"":4.62,"":4.15,"":3.92,"":13.45,"":4.77,"":10.1,"":95.5,"":7.96,"":66.1,"":4.63,"":17.2,"":4.36,"":null},
{"Back to Contents":"Dec-2013","Data 1: U.S. Natural Gas Prices":null,"":4.74,"":4.7,"":8.75,"":4.56,"":4.56,"":12.69,"":4.91,"":9.15,"":95.7,"":7.86,"":69.8,"":4.97,"":17.5,"":5.11,"":null},
{"Back to Contents":"","Data 1: U.S. Natural Gas Prices":null,"":null,"":null,"":null,"":null,"":null,"":null,"":null,"":null,"":null,"":null,"":null,"":null,"":null,"":null,"":null}]